"1235","前方海面有艘船舶，","前方海面有一艘船舶在航行","前方有艘在航行的船舶","前方有船舶","前方海面有一艘在航行的船舶"
"273","前方海域有码头和城市","前方海域有城市和码头","前方海域到达城市和码头","前方海域有高楼林立的城市和码头","前方有高楼林立城市的和码头"
"415","前方到达码头","前方是码头","前方到达城市码头","前方是码头远处是城市桥梁","码头在左侧"
"1319","前方海面有两个浮标远处是城市，","前方海面有两个浮标远处有城市","前方海面有浮标远处是城市","前方海面有多个浮标远处是城市","前方海面有浮标远处有城市"
"1199","前方海面有多艘船舶，","前方海面有两艘船舶在航行","前方有两艘在航行的船舶","前方有船舶在航行","前方海面有两艘在航行的船舶"
"134","前方海面上有两个浮标和一艘船舶远处是城市还有码头","前方海面上有一艘在行驶的船舶还有漂浮着的两个浮标远处是码头和城市海岸线","前方海面上漂浮着两个浮标和一艘在行驶的船舶远处是城市海岸线和码头","前方海面上漂浮着两个浮标还有一艘船远处是码头和城市海岸线","前方海面漂浮着两个浮标还有一艘船在两个浮标间行驶远处是城市和码头"
"320","前方到达码头","前方是码头","前方到达城市码头","前方浮标旁是码头","码头在浮标左侧"
"346","前方到达码头","前方是码头","前方到达城市码头","前方是码头远处是城市桥梁","码头在左侧"
"30","前方海面上有两个浮标远处是城市","前方海面上漂浮着两个浮标远处是城市海岸线","前方海面上漂浮着两个浮标在远处是城市海岸线","前方海面上漂浮着两个浮标","前方海面上有两个浮标城市在远处"
"56","前方海面上有一个浮标远处是城市","前方海面上漂浮着一个浮标远处是城市海岸线","前方海面上漂浮着一个浮标","前方海面上漂浮着一个浮标城市在远处","前方海面上有一个浮标城市在远处"
"608","前方海面有三艘船舶和一个浮标，","前方海面有一个浮标和三艘船舶","前方有一个浮标和三艘船舶在航行","前方有一个浮标和在航行的三艘船舶","前方有浮标和多艘船舶"
"1121","前方海面有两艘船舶和两个浮标远处是城市，","前方海面有多艘船舶和多个浮标远处是城市","前方海面有多艘船舶和多个浮标","前方有船舶和浮标远处是城市","前方海面有多艘在航行的船舶和多个浮标远处是城市"
"334","前方到达码头","前方是码头","前方到达城市码头","前方是码头远处是城市桥梁","码头在左侧"
"397","前方到达码头","前方是码头","前方到达城市码头","前方是码头远处是城市桥梁","码头在左侧"
"82","前方海面上有一个浮标远处是城市和码头","前方海面上漂浮着一个浮标远处是城市海岸线和码头","前方海面上有一个浮标远处是码头和城市海岸线","前方海面上漂浮着一个浮标远处是码头和城市海岸线","前方海面上有一个浮标城市和码头在远处"
"1222","前方海面有艘船舶，","前方海面有一艘船舶在航行","前方有艘在航行的船舶","前方有船舶","前方海面有一艘在航行的船舶"
"404","前方到达码头","前方是码头","前方到达城市码头","前方是码头远处是城市桥梁","码头在左侧"
"1237","前方海面有艘船舶，","前方海面有一艘船舶在航行","前方有艘在航行的船舶","前方有船舶","前方海面有一艘在航行的船舶"
"673","前方海面有一艘船舶和一个浮标，","前方海面有一个浮标和一艘船舶","前方有一个浮标和一艘船舶在航行","前方有一个浮标和在航行的一艘船舶","前方有浮标和一艘船舶"
"1307","前方海面很宽阔远处是岛屿，","前方海面很宽阔远处有岛屿","前方很宽阔远处是岛屿","前方有宽阔的海面很远处是岛屿","前方有宽阔的海面很远处有岛屿"
"1068","前方有码头和航行的船舶","前方有航行的船舶和码头","前方有船舶和码头","前方远处有船舶在航行","前方有船舶在远处航行"
"604","前方海面有三艘船舶和一个浮标，","前方海面有一个浮标和三艘船舶","前方有一个浮标和三艘船舶在航行","前方有一个浮标和在航行的三艘船舶","前方有浮标和多艘船舶"
"294","前方到达码头","前方是码头","前方到达城市码头","前方两个浮标旁是码头","码头在两个浮标左侧"
"1061","前方有码头和航行的船舶","前方有航行的船舶和码头","前方有船舶和码头","前方远处有船舶在航行","前方有船舶在远处航行"
"1041","前方有多条船舶停靠在码头","前方码头有多条船舶停靠","前方码头有多条船舶停靠在岸边","有多条船舶停靠在码头的岸边","前方的码头有多艘船舶停靠"
"1288","前方海面很宽阔远处是岛屿，","前方海面很宽阔远处有岛屿","前方很宽阔远处是岛屿","前方有宽阔的海面很远处是岛屿","前方有宽阔的海面很远处有岛屿"
"695","前方到达码头","前方是码头","前方到达城市码头","前方是码头远处是城市桥梁","码头在左侧"
"1239","前方海面有艘船舶，","前方海面有一艘船舶在航行","前方有艘在航行的船舶","前方有船舶","前方海面有一艘在航行的船舶"
"1337","前方海面很宽阔远处是城市，","前方海面特别宽阔远处是城市","前方海面很宽阔远处有城市","前方海面特别宽阔远处有城市","前方海面宽阔远处是城市存在"
"690","前方到达码头","前方是码头","前方到达城市码头","前方是码头远处是城市桥梁","码头在左侧"
"343","前方到达码头","前方是码头","前方到达城市码头","前方是码头远处是城市桥梁","码头在左侧"
"1114","前方海面有两艘船舶和四个浮标远处是城市，","前方海面有多艘船舶和多个浮标远处是城市","前方海面有多艘船舶和多个浮标","前方有船舶和浮标远处是城市","前方海面有多艘在航行的船舶和多个浮标远处是城市"
"683","前方到达码头","前方是码头","前方到达城市码头","前方是码头远处是城市桥梁","码头在左侧"
"278","前方海域有码头和城市","前方海域有城市和码头","前方海域到达城市和码头","前方海域有高楼林立的城市和码头","前方有高楼林立城市的和码头"
"663","前方海面有一艘船舶和一个浮标，","前方海面有一个浮标和一艘船舶","前方有一个浮标和一艘船舶在航行","前方有一个浮标和在航行的一艘船舶","前方有浮标和一艘船舶"
"1293","前方海面很宽阔远处是岛屿，","前方海面很宽阔远处有岛屿","前方很宽阔远处是岛屿","前方有宽阔的海面很远处是岛屿","前方有宽阔的海面很远处有岛屿"
"8","前方海面和远处的岛屿中间有一艘船舶","前方雾蒙蒙的海面和右侧的岛屿之间有一艘船舶在航行","前方雾蒙蒙的海面和岛屿之间有一艘船舶在航行","前方雾蒙蒙的海面和右侧的岛屿之间有一艘船舶在航行","有一艘船舶在前方雾蒙蒙的海面和岛屿之间航行"
"265","前方海面上有一个浮标远处是城市和码头","前方海面上有着一个浮标远处是码头城市海岸线","前方海面上漂浮着一个浮标远处是城市海岸线和码头","前方海面上漂浮着一个浮标远处是码头城市海岸线","前方海面上有一个浮标远处是城市还有码头"
"176","前方海面上有一个浮标远处是城市和码头","前方海面上有一个浮标远处是码头城市海岸线","前方海面上漂浮着一个浮标远处是城市海岸线和码头","前方海面上漂浮着一个浮标远处是码头城市海岸线","前方海面上有一个浮标远处是城市还有码头"
"1232","前方海面有艘船舶，","前方海面有一艘船舶在航行","前方有艘在航行的船舶","前方有船舶","前方海面有一艘在航行的船舶"
"620","前方海面有两艘船舶和一个浮标，","前方海面有一个浮标和两艘船舶","前方有一个浮标和两艘船舶在航行","前方有一个浮标和在航行的两艘船舶","前方有浮标和多艘船舶"
"107","前方海面上有两个浮标远处是城市","前方海面上漂浮着两个浮标远处是城市海岸线","前方海面上漂浮着两个浮标在远处是城市海岸线","前方海面上有两个浮标远处是城市海岸线","前方海面上有两个浮标城市在远处"
"233","前方海面上有一个浮标远处是城市和码头","前方海面上有着一个浮标远处是码头城市海岸线","前方海面上漂浮着一个浮标远处是城市海岸线和码头","前方海面上漂浮着一个浮标远处是码头城市海岸线","前方海面上有一个浮标远处是城市还有码头"
"594","前方有多条船舶停靠在码头","前方码头有多条船舶停靠","前方码头有多条船舶停靠在岸边","有多条船舶停靠在码头的岸边","前方的码头有多艘船舶停靠"
"1152","前方海面有多艘船舶和多个浮标，","前方海面有船舶和浮标","前方有多艘船舶和多个浮标","前方有船舶和浮标","前方海面有多艘在航行的船舶和多个浮标"
"409","前方到达码头","前方是码头","前方到达城市码头","前方是码头远处是城市桥梁","码头在左侧"
"653","前方海面有一艘船舶，","前方海面有一个船舶","前方有一艘船舶在航行","前方在航行的船舶有一艘","前方有船舶在航行"
"1259","前方海面有艘船舶，","前方海面有一艘船舶在航行","前方有艘在航行的船舶","前方有船舶","前方海面有一艘在航行的船舶"
"1033","前方有多条船舶停靠在码头","前方码头有多条船舶停靠","前方码头有多条船舶停靠在岸边","有多条船舶停靠在码头的岸边","前方的码头有多艘船舶停靠"
"1356","前方海面有两个浮标远处是城市，","前方海面有两浮标远处有城市","前方海面有浮标远处是城市","前方海面有多个浮标远处是城市","前方海面有浮标远处有城市"
"3","前方海面和远处的岛屿中间有一艘船舶","前方雾蒙蒙的海面和右侧的岛屿之间有一艘船舶在航行","前方雾蒙蒙的海面和岛屿之间有一艘船舶在航行","前方雾蒙蒙的海面和右侧的岛屿之间有一艘船舶在航行","有一艘船舶在前方雾蒙蒙的海面和岛屿之间航行"
"389","前方到达码头","前方是码头","前方到达城市码头","前方是码头远处是城市桥梁","码头在左侧"
"697","前方到达码头","前方是码头","前方到达城市码头","前方是码头远处是城市桥梁","码头在左侧"
"293","前方到达码头","前方是码头","前方到达城市码头","前方两个浮标旁是码头","码头在两个浮标左侧"
"1150","前方海面有多艘船舶和多个浮标，","前方海面有船舶和浮标","前方有多艘船舶和多个浮标","前方有船舶和浮标","前方海面有多艘在航行的船舶和多个浮标"
"192","前方海面上有四个浮标远处是城市还有码头","前方海面上有四个浮标远处是码头和城市海岸线","前方海面上漂浮着四个浮标远处是城市海岸线和码头","前方海面上漂浮着四个浮标远处是码头和城市海岸线","前方海面漂浮着四个浮标远处是城市和码头"
"1043","前方有多条船舶停靠在码头","前方码头有多条船舶停靠","前方码头有多条船舶停靠在岸边","有多条船舶停靠在码头的岸边","前方的码头有多艘船舶停靠"
"1355","前方海面有两个浮标远处是城市，","前方海面有两浮标远处有城市","前方海面有浮标远处是城市","前方海面有多个浮标远处是城市","前方海面有浮标远处有城市"
"1260","前方海面有艘船舶，","前方海面有一艘船舶在航行","前方有艘在航行的船舶","前方有船舶","前方海面有一艘在航行的船舶"
"362","前方到达码头","前方是码头","前方到达城市码头","前方是码头远处是城市桥梁","码头在左侧"
"1131","前方海面有三艘船舶远处是城市，","前方海面有三艘船舶在远处是城市","前方海面有在航行的船舶城市","前方有船舶城市在远处","前方海面有多艘在航行的船舶远处是城市"
"1211","前方海面有两艘船舶和一个浮标，","前方海面有两艘船舶在航行和一个浮标","前方有两艘在航行的船舶和浮标","前方有船舶和浮标","前方海面有两艘在航行的船舶和一个浮标"
"627","前方海面有一艘船舶和一个浮标，","前方海面有一个浮标和一艘船舶","前方有一个浮标和一艘船舶在航行","前方有一个浮标和在航行的一艘船舶","前方有浮标和一艘船舶"
"1048","前方有多条船舶停靠在码头","前方码头有多条船舶停靠","前方码头有多条船舶停靠在岸边","有多条船舶停靠在码头的岸边","前方的码头有多艘船舶停靠"
"1170","前方海面有多艘船舶，","前方海面有船舶在航行","前方有多艘在航行的船舶","前方有船舶在航行","前方海面有多艘在航行的船舶"
"386","前方到达码头","前方是码头","前方到达城市码头","前方是码头远处是城市桥梁","码头在左侧"
"678","前方到达码头","前方是码头","前方到达城市码头","前方是码头远处是城市桥梁","码头在左侧"
"1165","前方海面有多艘船舶和多个浮标，","前方海面有船舶和浮标","前方有多艘船舶和多个浮标","前方有船舶和浮标","前方海面有多艘在航行的船舶和多个浮标"
"1180","前方海面有多艘船舶，","前方海面有两艘船舶在航行","前方有两艘在航行的船舶","前方有船舶在航行","前方海面有两艘在航行的船舶"
"246","前方海面上有一个浮标远处是城市和码头","前方海面上有着一个浮标远处是码头城市海岸线","前方海面上漂浮着一个浮标远处是城市海岸线和码头","前方海面上漂浮着一个浮标远处是码头城市海岸线","前方海面上有一个浮标远处是城市还有码头"
"644","前方海面有一艘船舶，","前方海面有一个船舶","前方有一艘船舶在航行","前方在航行的船舶有一艘","前方有船舶在航行"
"80","前方海面上有两个浮标远处是城市","前方海面上漂浮着两个浮标远处是城市海岸线","前方海面上漂浮着两个浮标在远处是城市海岸线","前方海面上有两个浮标远处是城市海岸线","前方海面上有两个浮标城市在远处"
"169","前方海面上有两个浮标远处是城市和码头","前方海面上有两个浮标远处是码头城市海岸线","前方海面上漂浮着两个浮标远处是城市海岸线和码头","前方海面上漂浮着两个浮标远处是码头城市海岸线","前方海面上有两个浮标远处是城市还有码头"
"1346","前方海面很宽阔远处是城市，","前方海面特别宽阔远处是城市","前方海面很宽阔远处有城市","前方海面特别宽阔远处有城市","前方海面宽阔远处是城市存在"
"61","前方海面上有两个浮标远处是城市","前方海面上漂浮着两个浮标远处是城市海岸线","前方海面上漂浮着两个浮标在远处是城市海岸线","前方海面上漂浮着两个浮标","前方海面上有两个浮标城市在远处"
"1318","前方海面有两个浮标远处是城市，","前方海面有两个浮标远处有城市","前方海面有浮标远处是城市","前方海面有多个浮标远处是城市","前方海面有浮标远处有城市"
"1403","前方海面很宽阔远处是城市和码头，","前方海面特别宽阔远处是城市和码头","前方海面很宽阔远处有城市和码头","前方海面特别宽阔远处有城市和码头","前方海面宽阔远处是城市和码头存在"
"1326","前方海面有两个浮标远处是城市，","前方海面有两个浮标远处有城市","前方海面有浮标远处是城市","前方海面有多个浮标远处是城市","前方海面有浮标远处有城市"
"411","前方到达码头","前方是码头","前方到达城市码头","前方是码头远处是城市桥梁","码头在左侧"
"360","前方到达码头","前方是码头","前方到达城市码头","前方是码头远处是城市桥梁","码头在左侧"
"150","前方海域有码头和城市","前方海域有城市和码头","前方海域到达城市和码头","前方海域有高楼林立的城市和码头","前方有高楼林立城市的和码头"
"658","前方海面有一艘船舶，","前方海面有一个船舶","前方有一艘船舶在航行","前方在航行的船舶有一艘","前方有船舶在航行"
"1070","前方有码头和航行的船舶","前方有航行的船舶和码头","前方有船舶和码头","前方远处有船舶在航行","前方有船舶在远处航行"
"660","前方海面有一艘船舶，","前方海面有一个船舶","前方有一艘船舶在航行","前方在航行的船舶有一艘","前方有船舶在航行"
"649","前方海面有一艘船舶，","前方海面有一个船舶","前方有一艘船舶在航行","前方在航行的船舶有一艘","前方有船舶在航行"
"1224","前方海面有艘船舶，","前方海面有一艘船舶在航行","前方有艘在航行的船舶","前方有船舶","前方海面有一艘在航行的船舶"
"1220","前方海面有艘船舶，","前方海面有一艘船舶在航行","前方有艘在航行的船舶","前方有船舶","前方海面有一艘在航行的船舶"
"1268","前方海面有艘船舶，","前方海面有一艘船舶在航行","前方有艘在航行的船舶","前方有船舶","前方海面有一艘在航行的船舶"
"625","前方海面有两艘船舶和一个浮标，","前方海面有一个浮标和两艘船舶","前方有一个浮标和两艘船舶在航行","前方有一个浮标和在航行的两艘船舶","前方有浮标和多艘船舶"
"681","前方到达码头","前方是码头","前方到达城市码头","前方是码头远处是城市桥梁","码头在左侧"
"326","前方到达码头","前方是码头","前方到达城市码头","前方浮标旁是码头","码头在浮标左侧"
"206","前方海面上有三个浮标远处是城市还有码头","前方海面上有三个浮标远处是码头和城市海岸线","前方海面上漂浮着三个浮标远处是城市海岸线和码头","前方海面上漂浮着三个浮标远处是码头和城市海岸线","前方海面漂浮着三个浮标远处是城市和码头"
"645","前方海面有一艘船舶，","前方海面有一个船舶","前方有一艘船舶在航行","前方在航行的船舶有一艘","前方有船舶在航行"
"394","前方到达码头","前方是码头","前方到达城市码头","前方是码头远处是城市桥梁","码头在左侧"
"365","前方到达码头","前方是码头","前方到达城市码头","前方是码头远处是城市桥梁","码头在左侧"
"1327","前方海面有两个浮标远处是城市，","前方海面有两个浮标远处有城市","前方海面有浮标远处是城市","前方海面有多个浮标远处是城市","前方海面有浮标远处有城市"
"91","前方海域有码头和城市","前方海域有城市和码头","前方海域到达城市和码头","前方海域有高楼林立的城市和码头","前方有高楼林立城市的和码头"
"1360","前方海面有两个浮标远处是城市，","前方海面有两浮标远处有城市","前方海面有浮标远处是城市","前方海面有多个浮标远处是城市","前方海面有浮标远处有城市"
"215","前方海面上有两个浮标远处是城市还有码头","前方海面上有两个浮标远处是码头和城市海岸线","前方海面上漂浮着两个浮标远处是城市海岸线和码头","前方海面上漂浮着两个浮标远处是码头和城市海岸线","前方海面漂浮着两个浮标远处是城市和码头"
"664","前方海面有一艘船舶和一个浮标，","前方海面有一个浮标和一艘船舶","前方有一个浮标和一艘船舶在航行","前方有一个浮标和在航行的一艘船舶","前方有浮标和一艘船舶"
"1321","前方海面有两个浮标远处是城市，","前方海面有两个浮标远处有城市","前方海面有浮标远处是城市","前方海面有多个浮标远处是城市","前方海面有浮标远处有城市"
"70","前方海面上有三个浮标远处是城市","前方海面上漂浮着三个浮标远处是城市海岸线","前方海面上漂浮着三个浮标在远处是城市海岸线","前方海面上有三个浮标","前方海面上有三个浮标城市在远处"
"148","前方海面上有两个浮标远处是城市和码头","前方海面上漂浮着两个浮标远处是码头城市海岸线","前方海面上漂浮着两个浮标远处是城市海岸线和码头","前方海面上有两个浮标远处是码头城市海岸线","前方海面上有两个浮标远处是城市还有码头"
"367","前方到达码头","前方是码头","前方到达城市码头","前方是码头远处是城市桥梁","码头在左侧"
"1243","前方海面一望无际，","前方有一望无际的海面","前方空荡的海面一望无际","前方有一望无际的海面","前方海面空荡"
"152","前方海域有码头和城市","前方海域有城市和码头","前方海域到达城市和码头","前方海域有高楼林立的城市和码头","前方有高楼林立城市的和码头"
"198","前方海面上有三个浮标远处是城市还有码头","前方海面上有三个浮标远处是码头和城市海岸线","前方海面上漂浮着三个浮标远处是城市海岸线和码头","前方海面上漂浮着三个浮标远处是码头和城市海岸线","前方海面漂浮着三个浮标远处是城市和码头"
"29","前方海面上有两个浮标远处是城市","前方海面上漂浮着两个浮标远处是城市海岸线","前方海面上漂浮着两个浮标在远处是城市海岸线","前方海面上漂浮着两个浮标","前方海面上有两个浮标城市在远处"
"689","前方到达码头","前方是码头","前方到达城市码头","前方是码头远处是城市桥梁","码头在左侧"
"227","前方海面上有一个浮标远处是城市和码头","前方海面上有着一个浮标远处是码头城市海岸线","前方海面上漂浮着一个浮标远处是城市海岸线和码头","前方海面上漂浮着一个浮标远处是码头城市海岸线","前方海面上有一个浮标远处是城市还有码头"
"682","前方到达码头","前方是码头","前方到达城市码头","前方是码头远处是城市桥梁","码头在左侧"
"1099","前方海面有多艘船舶和多个浮标，","前方海面有船舶和浮标","前方有多艘船舶和多个浮标","前方有船舶和浮标","前方海面有多艘在航行的船舶和多个浮标"
"1366","前方海面很宽阔远处是城市，","前方海面特别宽阔远处是城市","前方海面很宽阔远处有城市","前方海面特别宽阔远处有城市","前方海面宽阔远处是城市存在"
"414","前方到达码头","前方是码头","前方到达城市码头","前方是码头远处是城市桥梁","码头在左侧"
"157","前方海域有码头和城市","前方海域有城市和码头","前方海域到达城市和码头","前方海域有高楼林立的城市和码头","前方有高楼林立城市的和码头"
"207","前方海面上有三个浮标远处是城市还有码头","前方海面上有三个浮标远处是码头和城市海岸线","前方海面上漂浮着三个浮标远处是城市海岸线和码头","前方海面上漂浮着三个浮标远处是码头和城市海岸线","前方海面漂浮着三个浮标远处是城市和码头"
"7","前方海面和远处的岛屿中间有一艘船舶","前方雾蒙蒙的海面和右侧的岛屿之间有一艘船舶在航行","前方雾蒙蒙的海面和岛屿之间有一艘船舶在航行","前方雾蒙蒙的海面和右侧的岛屿之间有一艘船舶在航行","有一艘船舶在前方雾蒙蒙的海面和岛屿之间航行"
"1103","前方海面有多艘船舶和多个浮标，","前方海面有船舶和浮标","前方有多艘船舶和多个浮标","前方有船舶和浮标","前方海面有多艘在航行的船舶和多个浮标"
"640","前方海面有一艘船舶，","前方海面有一个船舶","前方有一艘船舶在航行","前方在航行的船舶有一艘","前方有船舶在航行"
"74","前方海面上有两个浮标远处是城市","前方海面上漂浮着两个浮标远处是城市海岸线","前方海面上漂浮着两个浮标在远处是城市海岸线","前方海面上有两个浮标远处是城市海岸线","前方海面上有两个浮标城市在远处"
"1140","前方海面有三艘船舶远处是城市，","前方海面有三艘船舶在远处是城市","前方海面有在航行的船舶城市","前方有船舶城市在远处","前方海面有多艘在航行的船舶远处是城市"
"361","前方到达码头","前方是码头","前方到达城市码头","前方是码头远处是城市桥梁","码头在左侧"
"1369","前方海面很宽阔远处是城市，","前方海面特别宽阔远处是城市","前方海面很宽阔远处有城市","前方海面特别宽阔远处有城市","前方海面宽阔远处是城市存在"
"162","前方海域有码头和城市","前方海域有城市和码头","前方海域到达城市和码头","前方海域有高楼林立的城市和码头","前方有高楼林立城市的和码头"
"268","前方海域有码头和城市","前方海域有城市和码头","前方海域到达城市和码头","前方海域有高楼林立的城市和码头","前方有高楼林立城市的和码头"
"254","前方海面上有一个浮标远处是城市和码头","前方海面上有着一个浮标远处是码头城市海岸线","前方海面上漂浮着一个浮标远处是城市海岸线和码头","前方海面上漂浮着一个浮标远处是码头城市海岸线","前方海面上有一个浮标远处是城市还有码头"
"1053","前方有多条船舶停靠在码头","前方码头有多条船舶停靠","前方码头有多条船舶停靠在岸边","有多条船舶停靠在码头的岸边","前方的码头有多艘船舶停靠"
"422","前方到达码头","前方左侧是码头右侧的海面有一艘船在航行","前方右侧的海面有一艘船在航行左侧是码头","前方是码头远处是城市桥梁","码头在左侧"
"149","前方海域有码头和城市","前方海域有城市和码头","前方海域到达城市和码头","前方海域有高楼林立的城市和码头","前方有高楼林立城市的和码头"
"1347","前方海面很宽阔远处是城市，","前方海面特别宽阔远处是城市","前方海面很宽阔远处有城市","前方海面特别宽阔远处有城市","前方海面宽阔远处是城市存在"
"357","前方到达码头","前方是码头","前方到达城市码头","前方是码头远处是城市桥梁","码头在左侧"
"219","前方海面上有一个浮标远处是城市和码头","前方海面上有着一个浮标远处是码头城市海岸线","前方海面上漂浮着一个浮标远处是城市海岸线和码头","前方海面上漂浮着一个浮标远处是码头城市海岸线","前方海面上有一个浮标远处是城市还有码头"
"42","前方海域尽头是城市的海岸线","前方海域是城市的海岸线","在前方是城市的海岸线","前方海域尽头是城市","前方到达城市"
"1351","前方海面有两个浮标远处是城市，","前方海面有两浮标远处有城市","前方海面有浮标远处是城市","前方海面有多个浮标远处是城市","前方海面有浮标远处有城市"
"114","前方海面上有两个浮标远处是城市还有码头","前方海面上有两个浮标远处是码头和城市海岸线","前方海面上漂浮着两个浮标远处是城市海岸线和码头","前方海面上漂浮着两个浮标远处是码头和城市海岸线","前方海面漂浮着两个浮标远处是城市和码头"
"616","前方海面有四艘船舶，","前方海面有四个船舶","前方有四艘船舶在航行","前方在航行的船舶有四艘","前方有多艘船舶"
"57","前方海面上有两个浮标远处是城市","前方海面上漂浮着两个浮标远处是城市海岸线","前方海面上漂浮着两个浮标在远处是城市海岸线","前方海面上漂浮着两个浮标","前方海面上有两个浮标城市在远处"
"355","前方到达码头","前方是码头","前方到达城市码头","前方是码头远处是城市桥梁","码头在左侧"
"380","前方到达码头","前方是码头","前方到达城市码头","前方是码头远处是城市桥梁","码头在左侧"
"691","前方到达码头","前方是码头","前方到达城市码头","前方是码头远处是城市桥梁","码头在左侧"
"25","前方海面和远处的岛屿中间有一艘船舶","前方雾蒙蒙的海面和右侧的岛屿之间有一艘船舶在航行","前方雾蒙蒙的海面和岛屿之间有一艘船舶在右侧航行","前方海面和岛屿之间有一艘船舶在右侧航行","有一艘船舶在前方雾蒙蒙的海面和岛屿之间航行"
"384","前方到达码头","前方是码头","前方到达城市码头","前方是码头远处是城市桥梁","码头在左侧"
"624","前方海面有两艘船舶和一个浮标，","前方海面有一个浮标和两艘船舶","前方有一个浮标和两艘船舶在航行","前方有一个浮标和在航行的两艘船舶","前方有浮标和多艘船舶"
"629","前方海面有一艘船舶和一个浮标，","前方海面有一个浮标和一艘船舶","前方有一个浮标和一艘船舶在航行","前方有一个浮标和在航行的一艘船舶","前方有浮标和一艘船舶"
"52","前方海面上有两个浮标远处是城市","前方海面上漂浮着两个浮标远处是城市海岸线","前方海面上漂浮着两个浮标在远处是城市海岸线","前方海面上漂浮着两个浮标","前方海面上有两个浮标城市在远处"
"1255","前方海面有艘船舶，","前方海面有一艘船舶在航行","前方有艘在航行的船舶","前方有船舶","前方海面有一艘在航行的船舶"
"1342","前方海面很宽阔远处是城市，","前方海面特别宽阔远处是城市","前方海面很宽阔远处有城市","前方海面特别宽阔远处有城市","前方海面宽阔远处是城市存在"
"1095","前方海面有多艘船舶和多个浮标，","前方海面有船舶和浮标","前方有多艘船舶和多个浮标","前方有船舶和浮标","前方海面有多艘在航行的船舶和多个浮标"
"298","前方到达码头","前方是码头","前方到达城市码头","前方浮标旁是码头","码头在浮标左侧"
"1415","前方海面有三个浮标远处是城市和码头，","前方海面有三个浮标远处有城市还有码头","前方海面有三浮标远处是城市和码头","前方海面有三个浮标远处是城市还有码头","前方海面有三浮标远处有城市还有码头"
"1197","前方海面有多艘船舶，","前方海面有两艘船舶在航行","前方有两艘在航行的船舶","前方有船舶在航行","前方海面有两艘在航行的船舶"
"605","前方海面有三艘船舶和一个浮标，","前方海面有一个浮标和三艘船舶","前方有一个浮标和三艘船舶在航行","前方有一个浮标和在航行的三艘船舶","前方有浮标和多艘船舶"
"385","前方到达码头","前方是码头","前方到达城市码头","前方是码头远处是城市桥梁","码头在左侧"
"19","前方海面和远处的岛屿中间有一艘船舶","前方雾蒙蒙的海面和右侧的岛屿之间有一艘船舶在航行","前方雾蒙蒙的海面和岛屿之间有一艘船舶在右侧航行","前方海面和岛屿之间有一艘船舶在右侧航行","有一艘船舶在前方雾蒙蒙的海面和岛屿之间航行"
"1167","前方海面有多艘船舶和多个浮标，","前方海面有船舶和浮标","前方有多艘船舶和多个浮标","前方有船舶和浮标","前方海面有多艘在航行的船舶和多个浮标"
"372","前方到达码头","前方是码头","前方到达城市码头","前方是码头远处是城市桥梁","码头在左侧"
"84","前方海面上有一个浮标远处是城市和码头","前方海面上漂浮着一个浮标远处是城市海岸线和码头","前方海面上有一个浮标远处是码头和城市海岸线","前方海面上漂浮着一个浮标远处是码头和城市海岸线","前方海面上有一个浮标城市和码头在远处"
"62","前方海面上有三个浮标远处是城市","前方海面上漂浮着三个浮标远处是城市海岸线","前方海面上漂浮着三个浮标在远处是城市海岸线","前方海面上漂浮着三个浮标","前方海面上有三个浮标城市在远处"
"306","前方到达码头","前方是码头","前方到达城市码头","前方浮标旁是码头","码头在浮标左侧"
"319","前方到达码头","前方是码头","前方到达城市码头","前方浮标旁是码头","码头在浮标左侧"
"391","前方到达码头","前方是码头","前方到达城市码头","前方是码头远处是城市桥梁","码头在左侧"
"1262","前方海面有艘船舶，","前方海面有一艘船舶在航行","前方有艘在航行的船舶","前方有船舶","前方海面有一艘在航行的船舶"
"13","前方海面和远处的岛屿中间有一艘船舶","前方雾蒙蒙的海面和右侧的岛屿之间有一艘船舶在航行","前方雾蒙蒙的海面和岛屿之间有一艘船舶在航行","前方雾蒙蒙的海面和右侧的岛屿之间有一艘船舶在航行","有一艘船舶在前方雾蒙蒙的海面和岛屿之间航行"
"216","前方海面上有一个浮标远处是城市还有码头","前方海面上漂浮着一个浮标远处是码头和城市海岸线","前方海面上漂浮着一个浮标远处是城市海岸线和码头","前方海面上漂浮着一个浮标远处是码头和城市海岸线","前方海面漂浮着两个浮标远处是城市和码头"
"601","前方有多条船舶停靠在码头","前方码头有多条船舶停靠","前方码头有多条船舶停靠在岸边","有多条船舶停靠在码头的岸边","前方的码头有多艘船舶停靠"
"1078","前方有码头和航行的船舶","前方有航行的船舶和码头","前方有船舶和码头","前方远处有船舶在航行","前方有船舶在远处航行"
"257","前方海面上有一个浮标远处是城市和码头","前方海面上有着一个浮标远处是码头城市海岸线","前方海面上漂浮着一个浮标远处是城市海岸线和码头","前方海面上漂浮着一个浮标远处是码头城市海岸线","前方海面上有一个浮标远处是城市还有码头"
"1039","前方有多条船舶停靠在码头","前方码头有多条船舶停靠","前方码头有多条船舶停靠在岸边","有多条船舶停靠在码头的岸边","前方的码头有多艘船舶停靠"
"1223","前方海面有艘船舶，","前方海面有一艘船舶在航行","前方有艘在航行的船舶","前方有船舶","前方海面有一艘在航行的船舶"
"424","前方到达码头","前方左侧是码头右侧的海面有一艘船在航行","前方右侧的海面有一艘船在航行左侧是码头","前方是码头远处是城市桥梁","码头在左侧"
"1163","前方海面有多艘船舶和多个浮标，","前方海面有船舶和浮标","前方有多艘船舶和多个浮标","前方有船舶和浮标","前方海面有多艘在航行的船舶和多个浮标"
"1049","前方有多条船舶停靠在码头","前方码头有多条船舶停靠","前方码头有多条船舶停靠在岸边","有多条船舶停靠在码头的岸边","前方的码头有多艘船舶停靠"
"1072","前方有码头和航行的船舶","前方有航行的船舶和码头","前方有船舶和码头","前方远处有船舶在航行","前方有船舶在远处航行"
"210","前方海面上有两个浮标远处是城市还有码头","前方海面上有两个浮标远处是码头和城市海岸线","前方海面上漂浮着两个浮标远处是城市海岸线和码头","前方海面上漂浮着两个浮标远处是码头和城市海岸线","前方海面漂浮着两个浮标远处是城市和码头"
"1126","前方海面有三艘船舶远处是城市，","前方海面有三艘船舶在远处是城市","前方海面有在航行的船舶城市","前方有船舶城市在远处","前方海面有多艘在航行的船舶远处是城市"
"636","前方海面有一艘船舶，","前方海面有一个船舶","前方有一艘船舶在航行","前方在航行的船舶有一艘","前方有船舶在航行"
"197","前方海面上有三个浮标远处是城市还有码头","前方海面上有三个浮标远处是码头和城市海岸线","前方海面上漂浮着三个浮标远处是城市海岸线和码头","前方海面上漂浮着三个浮标远处是码头和城市海岸线","前方海面漂浮着三个浮标远处是城市和码头"
"282","前方到达码头","前方是码头","前方到达城市码头","前方两个浮标旁是码头","码头在两个浮标左侧"
"1096","前方海面有多艘船舶和多个浮标，","前方海面有船舶和浮标","前方有多艘船舶和多个浮标","前方有船舶和浮标","前方海面有多艘在航行的船舶和多个浮标"
"1313","前方海面很宽阔远处是岛屿，","前方海面很宽阔远处有岛屿","前方很宽阔远处是岛屿","前方有宽阔的海面很远处是岛屿","前方有宽阔的海面很远处有岛屿"
"75","前方海面上有两个浮标远处是城市","前方海面上漂浮着两个浮标远处是城市海岸线","前方海面上漂浮着两个浮标在远处是城市海岸线","前方海面上有两个浮标远处是城市海岸线","前方海面上有两个浮标城市在远处"
"119","前方海域有码头和城市","前方海域有城市和码头","前方海域到达城市和码头","前方海域有高楼林立的城市和码头","前方有高楼林立城市的和码头"
"1124","前方海面有三艘船舶远处是城市，","前方海面有三艘船舶在远处是城市","前方海面有在航行的船舶城市","前方有船舶城市在远处","前方海面有多艘在航行的船舶远处是城市"
"1060","前方有码头和航行的船舶","前方有航行的船舶和码头","前方有船舶和码头","前方远处有船舶在航行","前方有船舶在远处航行"
"110","前方海面上有两个浮标远处是城市还有码头","前方海面上有两个浮标远处是码头和城市海岸线","前方海面上漂浮着两个浮标远处是城市海岸线和码头","前方海面上漂浮着两个浮标远处是码头和城市海岸线","前方海面漂浮着两个浮标远处是城市和码头"
"120","前方海域有码头和城市","前方海域有城市和码头","前方海域到达城市和码头","前方海域有高楼林立的城市和码头","前方有高楼林立城市的和码头"
"401","前方到达码头","前方是码头","前方到达城市码头","前方是码头远处是城市桥梁","码头在左侧"
"93","前方海域有码头和城市","前方海域有城市和码头","前方海域到达城市和码头","前方海域有高楼林立的城市和码头","前方有高楼林立城市的和码头"
"1075","前方有码头和航行的船舶","前方有航行的船舶和码头","前方有船舶和码头","前方远处有船舶在航行","前方有船舶在远处航行"
"90","前方海域有码头和城市","前方海域有城市和码头","前方海域到达城市和码头","前方海域有高楼林立的城市和码头","前方有高楼林立城市的和码头"
"370","前方到达码头","前方是码头","前方到达城市码头","前方是码头远处是城市桥梁","码头在左侧"
"1405","前方海面很宽阔远处是城市和码头，","前方海面特别宽阔远处是城市和码头","前方海面很宽阔远处有城市和码头","前方海面特别宽阔远处有城市和码头","前方海面宽阔远处是城市和码头存在"
"1343","前方海面很宽阔远处是城市，","前方海面特别宽阔远处是城市","前方海面很宽阔远处有城市","前方海面特别宽阔远处有城市","前方海面宽阔远处是城市存在"
"1354","前方海面有两个浮标远处是城市，","前方海面有两浮标远处有城市","前方海面有浮标远处是城市","前方海面有多个浮标远处是城市","前方海面有浮标远处有城市"
"1069","前方有码头和航行的船舶","前方有航行的船舶和码头","前方有船舶和码头","前方远处有船舶在航行","前方有船舶在远处航行"
"1074","前方有码头和航行的船舶","前方有航行的船舶和码头","前方有船舶和码头","前方远处有船舶在航行","前方有船舶在远处航行"
"95","前方海域有码头和城市","前方海域有城市和码头","前方海域到达城市和码头","前方海域有高楼林立的城市和码头","前方有高楼林立城市的和码头"
"12","前方海面和远处的岛屿中间有一艘船舶","前方雾蒙蒙的海面和右侧的岛屿之间有一艘船舶在航行","前方雾蒙蒙的海面和岛屿之间有一艘船舶在航行","前方雾蒙蒙的海面和右侧的岛屿之间有一艘船舶在航行","有一艘船舶在前方雾蒙蒙的海面和岛屿之间航行"
"626","前方海面有一艘船舶和一个浮标，","前方海面有一个浮标和一艘船舶","前方有一个浮标和一艘船舶在航行","前方有一个浮标和在航行的一艘船舶","前方有浮标和一艘船舶"
"44","前方海面上有两个浮标远处是城市","前方海面上漂浮着两个浮标远处是城市海岸线","前方海面上漂浮着两个浮标在远处是城市海岸线","前方海面上漂浮着两个浮标","前方海面上有两个浮标城市在远处"
"43","前方海面上有两个浮标远处是城市","前方海面上漂浮着两个浮标远处是城市海岸线","前方海面上漂浮着两个浮标在远处是城市海岸线","前方海面上漂浮着两个浮标","前方海面上有两个浮标城市在远处"
"363","前方到达码头","前方是码头","前方到达城市码头","前方是码头远处是城市桥梁","码头在左侧"
"201","前方海面上有三个浮标远处是城市还有码头","前方海面上有三个浮标远处是码头和城市海岸线","前方海面上漂浮着三个浮标远处是城市海岸线和码头","前方海面上漂浮着三个浮标远处是码头和城市海岸线","前方海面漂浮着三个浮标远处是城市和码头"
"1305","前方海面很宽阔远处是岛屿，","前方海面很宽阔远处有岛屿","前方很宽阔远处是岛屿","前方有宽阔的海面很远处是岛屿","前方有宽阔的海面很远处有岛屿"
"1063","前方有码头和航行的船舶","前方有航行的船舶和码头","前方有船舶和码头","前方远处有船舶在航行","前方有船舶在远处航行"
"1202","前方海面有多艘船舶，","前方海面有两艘船舶在航行","前方有两艘在航行的船舶","前方有船舶在航行","前方海面有两艘在航行的船舶"
"1297","前方海面很宽阔远处是岛屿，","前方海面很宽阔远处有岛屿","前方很宽阔远处是岛屿","前方有宽阔的海面很远处是岛屿","前方有宽阔的海面很远处有岛屿"
"212","前方海面上有一个浮标远处是城市和码头","前方海面上有着一个浮标远处是码头城市海岸线","前方海面上漂浮着一个浮标远处是城市海岸线和码头","前方海面上漂浮着一个浮标远处是码头城市海岸线","前方海面上有一个浮标远处是城市还有码头"
"1109","前方海面有多艘船舶和多个浮标，","前方海面有船舶和浮标","前方有多艘船舶和多个浮标","前方有船舶和浮标","前方海面有多艘在航行的船舶和多个浮标"
"1310","前方海面很宽阔远处是岛屿，","前方海面很宽阔远处有岛屿","前方很宽阔远处是岛屿","前方有宽阔的海面很远处是岛屿","前方有宽阔的海面很远处有岛屿"
"1394","前方海面有个浮标远处是城市，","前方海面有一浮标远处有城市","前方海面有一个浮标远处是城市","前方海面有一个浮标远处是城市","前方海面有浮标远处有城市"
"211","前方海面上有一个浮标远处是城市和码头","前方海面上有着一个浮标远处是码头城市海岸线","前方海面上漂浮着一个浮标远处是城市海岸线和码头","前方海面上漂浮着一个浮标远处是码头城市海岸线","前方海面上有一个浮标远处是城市还有码头"
"1209","前方海面有两艘船舶和一个浮标，","前方海面有两艘船舶在航行和一个浮标","前方有两艘在航行的船舶和浮标","前方有船舶和浮标","前方海面有两艘在航行的船舶和一个浮标"
"1236","前方海面有艘船舶，","前方海面有一艘船舶在航行","前方有艘在航行的船舶","前方有船舶","前方海面有一艘在航行的船舶"
"1408","前方海面很宽阔远处是城市和码头，","前方海面特别宽阔远处是城市和码头","前方海面很宽阔远处有城市和码头","前方海面特别宽阔远处有城市和码头","前方海面宽阔远处是城市和码头存在"
"417","前方到达码头","前方左侧是码头右侧的海面有一艘船在航行","前方右侧的海面有一艘船在航行左侧是码头","前方是码头远处是城市桥梁","码头在左侧"
"291","前方到达码头","前方是码头","前方到达城市码头","前方两个浮标旁是码头","码头在两个浮标左侧"
"632","前方海面有一艘船舶和一个浮标，","前方海面有一个浮标和一艘船舶","前方有一个浮标和一艘船舶在航行","前方有一个浮标和在航行的一艘船舶","前方有浮标和一艘船舶"
"369","前方到达码头","前方是码头","前方到达城市码头","前方是码头远处是城市桥梁","码头在左侧"
"1157","前方海面有多艘船舶和多个浮标，","前方海面有船舶和浮标","前方有多艘船舶和多个浮标","前方有船舶和浮标","前方海面有多艘在航行的船舶和多个浮标"
"16","前方海面和远处的岛屿中间有一艘船舶","前方雾蒙蒙的海面和右侧的岛屿之间有一艘船舶在航行","前方雾蒙蒙的海面和岛屿之间有一艘船舶在右侧航行","前方海面和岛屿之间有一艘船舶在右侧航行","有一艘船舶在前方雾蒙蒙的海面和岛屿之间航行"
"4","前方海面和远处的岛屿中间有一艘船舶","前方雾蒙蒙的海面和右侧的岛屿之间有一艘船舶在航行","前方雾蒙蒙的海面和岛屿之间有一艘船舶在航行","前方雾蒙蒙的海面和右侧的岛屿之间有一艘船舶在航行","有一艘船舶在前方雾蒙蒙的海面和岛屿之间航行"
"1219","前方海面有艘船舶和一个浮标，","前方海面有一艘船舶在航行和一个浮标","前方有艘在航行的船舶和浮标","前方有船舶和浮标","前方海面有一艘在航行的船舶和一个浮标"
"290","前方到达码头","前方是码头","前方到达城市码头","前方两个浮标旁是码头","码头在两个浮标左侧"
"646","前方海面有一艘船舶，","前方海面有一个船舶","前方有一艘船舶在航行","前方在航行的船舶有一艘","前方有船舶在航行"
"1123","前方海面有两艘船舶和两个浮标远处是城市，","前方海面有多艘船舶和多个浮标远处是城市","前方海面有多艘船舶和多个浮标","前方有船舶和浮标远处是城市","前方海面有多艘在航行的船舶和多个浮标远处是城市"
"1391","前方海面有两个浮标远处是城市，","前方海面有两浮标远处有城市","前方海面有浮标远处是城市","前方海面有多个浮标远处是城市","前方海面有浮标远处有城市"
"427","前方到达码头","前方左侧是码头右侧的海面有一艘船在航行","前方右侧的海面有一艘船在航行左侧是码头","前方是码头远处是城市桥梁","码头在左侧"
"256","前方海面上有一个浮标远处是城市和码头","前方海面上有着一个浮标远处是码头城市海岸线","前方海面上漂浮着一个浮标远处是城市海岸线和码头","前方海面上漂浮着一个浮标远处是码头城市海岸线","前方海面上有一个浮标远处是城市还有码头"
"1050","前方有多条船舶停靠在码头","前方码头有多条船舶停靠","前方码头有多条船舶停靠在岸边","有多条船舶停靠在码头的岸边","前方的码头有多艘船舶停靠"
"647","前方海面有一艘船舶，","前方海面有一个船舶","前方有一艘船舶在航行","前方在航行的船舶有一艘","前方有船舶在航行"
"1130","前方海面有三艘船舶远处是城市，","前方海面有三艘船舶在远处是城市","前方海面有在航行的船舶城市","前方有船舶城市在远处","前方海面有多艘在航行的船舶远处是城市"
"358","前方到达码头","前方是码头","前方到达城市码头","前方是码头远处是城市桥梁","码头在左侧"
"1056","前方到达码头","前方是码头","前方到达城市码头","前方是码头远处是城市桥梁","码头在左侧"
"10","前方海面和远处的岛屿中间有一艘船舶","前方雾蒙蒙的海面和右侧的岛屿之间有一艘船舶在航行","前方雾蒙蒙的海面和岛屿之间有一艘船舶在航行","前方雾蒙蒙的海面和右侧的岛屿之间有一艘船舶在航行","有一艘船舶在前方雾蒙蒙的海面和岛屿之间航行"
"283","前方到达码头","前方是码头","前方到达城市码头","前方两个浮标旁是码头","码头在两个浮标左侧"
"23","前方海面和远处的岛屿中间有一艘船舶","前方雾蒙蒙的海面和右侧的岛屿之间有一艘船舶在航行","前方雾蒙蒙的海面和岛屿之间有一艘船舶在右侧航行","前方海面和岛屿之间有一艘船舶在右侧航行","有一艘船舶在前方雾蒙蒙的海面和岛屿之间航行"
"390","前方到达码头","前方是码头","前方到达城市码头","前方是码头远处是城市桥梁","码头在左侧"
"255","前方海面上有一个浮标远处是城市和码头","前方海面上有着一个浮标远处是码头城市海岸线","前方海面上漂浮着一个浮标远处是城市海岸线和码头","前方海面上漂浮着一个浮标远处是码头城市海岸线","前方海面上有一个浮标远处是城市还有码头"
"1357","前方海面有两个浮标远处是城市，","前方海面有两浮标远处有城市","前方海面有浮标远处是城市","前方海面有多个浮标远处是城市","前方海面有浮标远处有城市"
"1292","前方海面很宽阔远处是岛屿，","前方海面很宽阔远处有岛屿","前方很宽阔远处是岛屿","前方有宽阔的海面很远处是岛屿","前方有宽阔的海面很远处有岛屿"
"1400","前方海面很宽阔远处是城市和码头，","前方海面特别宽阔远处是城市和码头","前方海面很宽阔远处有城市和码头","前方海面特别宽阔远处有城市和码头","前方海面宽阔远处是城市和码头存在"
"1054","前方到达码头","前方是码头","前方到达城市码头","前方是码头远处是城市桥梁","码头在左侧"
"374","前方到达码头","前方是码头","前方到达城市码头","前方是码头远处是城市桥梁","码头在左侧"
"1269","前方海面有艘船舶，","前方海面有一艘船舶在航行","前方有艘在航行的船舶","前方有船舶","前方海面有一艘在航行的船舶"
"1045","前方有多条船舶停靠在码头","前方码头有多条船舶停靠","前方码头有多条船舶停靠在岸边","有多条船舶停靠在码头的岸边","前方的码头有多艘船舶停靠"
"237","前方海面上有一个浮标远处是城市和码头","前方海面上有着一个浮标远处是码头城市海岸线","前方海面上漂浮着一个浮标远处是城市海岸线和码头","前方海面上漂浮着一个浮标远处是码头城市海岸线","前方海面上有一个浮标远处是城市还有码头"
"271","前方海域有码头和城市","前方海域有城市和码头","前方海域到达城市和码头","前方海域有高楼林立的城市和码头","前方有高楼林立城市的和码头"
"94","前方海域有码头和城市","前方海域有城市和码头","前方海域到达城市和码头","前方海域有高楼林立的城市和码头","前方有高楼林立城市的和码头"
"679","前方到达码头","前方是码头","前方到达城市码头","前方是码头远处是城市桥梁","码头在左侧"
"635","前方海面有一艘船舶，","前方海面有一个船舶","前方有一艘船舶在航行","前方在航行的船舶有一艘","前方有船舶在航行"
"1085","前方有码头和航行的船舶","前方有航行的船舶和码头","前方有船舶和码头","前方远处有船舶在航行","前方有船舶在远处航行"
"318","前方到达码头","前方是码头","前方到达城市码头","前方浮标旁是码头","码头在浮标左侧"
"218","前方海面上有一个浮标远处是城市和码头","前方海面上有着一个浮标远处是码头城市海岸线","前方海面上漂浮着一个浮标远处是城市海岸线和码头","前方海面上漂浮着一个浮标远处是码头城市海岸线","前方海面上有一个浮标远处是城市还有码头"
"1245","前方海面一望无际，","前方有一望无际的海面","前方空荡的海面一望无际","前方有一望无际的海面","前方海面空荡"
"674","前方到达码头","前方是码头","前方到达城市码头","前方是码头远处是城市桥梁","码头在左侧"
"174","前方海面上有三个浮标远处是城市和码头","前方海面上有三个浮标远处是码头城市海岸线","前方海面上漂浮着三个浮标远处是城市海岸线和码头","前方海面上漂浮着三个浮标远处是码头城市海岸线","前方海面上有三个浮标远处是城市还有码头"
"76","前方海面上有两个浮标远处是城市","前方海面上漂浮着两个浮标远处是城市海岸线","前方海面上漂浮着两个浮标在远处是城市海岸线","前方海面上有两个浮标远处是城市海岸线","前方海面上有两个浮标城市在远处"
"1182","前方海面有多艘船舶，","前方海面有两艘船舶在航行","前方有两艘在航行的船舶","前方有船舶在航行","前方海面有两艘在航行的船舶"
"1076","前方有码头和航行的船舶","前方有航行的船舶和码头","前方有船舶和码头","前方远处有船舶在航行","前方有船舶在远处航行"
"311","前方到达码头","前方是码头","前方到达城市码头","前方浮标旁是码头","码头在浮标左侧"
"69","前方海面上有三个浮标远处是城市","前方海面上漂浮着三个浮标远处是城市海岸线","前方海面上漂浮着三个浮标在远处是城市海岸线","前方海面上有三个浮标","前方海面上有三个浮标城市在远处"
"1216","前方海面有两艘船舶，","前方海面有两艘船舶在航行","前方有两艘在航行的船舶","前方有船舶","前方海面有两艘在航行的船舶"
"222","前方海面上有两个浮标远处是城市还有码头","前方海面上有两个浮标远处是码头和城市海岸线","前方海面上漂浮着两个浮标远处是城市海岸线和码头","前方海面上漂浮着两个浮标远处是码头和城市海岸线","前方海面漂浮着两个浮标远处是城市和码头"
"305","前方到达码头","前方是码头","前方到达城市码头","前方浮标旁是码头","码头在浮标左侧"
"1396","前方海面有个浮标远处是城市，","前方海面有一浮标远处有城市","前方海面有一个浮标远处是城市","前方海面有一个浮标远处是城市","前方海面有浮标远处有城市"
"1081","前方有码头和航行的船舶","前方有航行的船舶和码头","前方有船舶和码头","前方远处有船舶在航行","前方有船舶在远处航行"
"270","前方海域有码头和城市","前方海域有城市和码头","前方海域到达城市和码头","前方海域有高楼林立的城市和码头","前方有高楼林立城市的和码头"
"89","前方海域有码头和城市","前方海域有城市和码头","前方海域到达城市和码头","前方海域有高楼林立的城市和码头","前方有高楼林立城市的和码头"
"1283","前方海面很宽阔远处是岛屿，","前方海面很宽阔远处有岛屿","前方很宽阔远处是岛屿","前方有宽阔的海面很远处是岛屿","前方有宽阔的海面很远处有岛屿"
"133","前方海面上有两个浮标和一艘船舶远处是城市还有码头","前方海面上有一艘在行驶的船舶还有漂浮着的两个浮标远处是码头和城市海岸线","前方海面上漂浮着两个浮标和一艘在行驶的船舶远处是城市海岸线和码头","前方海面上漂浮着两个浮标还有一艘船远处是码头和城市海岸线","前方海面漂浮着两个浮标还有一艘船在两个浮标间行驶远处是城市和码头"
"142","前方海面上有两个浮标远处是城市和码头","前方海面上漂浮着两个浮标远处是码头城市海岸线","前方海面上漂浮着两个浮标远处是城市海岸线和码头","前方海面上有两个浮标远处是码头城市海岸线","前方海面上有两个浮标远处是城市还有码头"
"1257","前方海面有艘船舶，","前方海面有一艘船舶在航行","前方有艘在航行的船舶","前方有船舶","前方海面有一艘在航行的船舶"
"323","前方到达码头","前方是码头","前方到达城市码头","前方浮标旁是码头","码头在浮标左侧"
"272","前方海域有码头和城市","前方海域有城市和码头","前方海域到达城市和码头","前方海域有高楼林立的城市和码头","前方有高楼林立城市的和码头"
"1","前方海面和远处的岛屿中间有一艘船舶","前方雾蒙蒙的海面和右侧的岛屿之间有一艘船舶在航行","前方雾蒙蒙的海面和岛屿之间有一艘船舶在航行","前方雾蒙蒙的海面和右侧的岛屿之间有一艘船舶在航行","有一艘船舶在前方雾蒙蒙的海面和岛屿之间航行"
"1407","前方海面很宽阔远处是城市和码头，","前方海面特别宽阔远处是城市和码头","前方海面很宽阔远处有城市和码头","前方海面特别宽阔远处有城市和码头","前方海面宽阔远处是城市和码头存在"
"1406","前方海面很宽阔远处是城市和码头，","前方海面特别宽阔远处是城市和码头","前方海面很宽阔远处有城市和码头","前方海面特别宽阔远处有城市和码头","前方海面宽阔远处是城市和码头存在"
"1344","前方海面很宽阔远处是城市，","前方海面特别宽阔远处是城市","前方海面很宽阔远处有城市","前方海面特别宽阔远处有城市","前方海面宽阔远处是城市存在"
"591","前方有多条船舶停靠在码头","前方码头有多条船舶停靠","前方码头有多条船舶停靠在岸边","有多条船舶停靠在码头的岸边","前方的码头有多艘船舶停靠"
"1057","前方到达码头","前方是码头","前方到达城市码头","前方是码头远处是城市桥梁","码头在左侧"
"143","前方海面上有两个浮标远处是城市和码头","前方海面上漂浮着两个浮标远处是码头城市海岸线","前方海面上漂浮着两个浮标远处是城市海岸线和码头","前方海面上有两个浮标远处是码头城市海岸线","前方海面上有两个浮标远处是城市还有码头"
"312","前方到达码头","前方是码头","前方到达城市码头","前方浮标旁是码头","码头在浮标左侧"
"1261","前方海面有艘船舶，","前方海面有一艘船舶在航行","前方有艘在航行的船舶","前方有船舶","前方海面有一艘在航行的船舶"
"132","前方海面上有两个浮标和一艘船舶远处是城市还有码头","前方海面上有一艘在行驶的船舶还有漂浮着的两个浮标远处是码头和城市海岸线","前方海面上漂浮着两个浮标和一艘在行驶的船舶远处是城市海岸线和码头","前方海面上漂浮着两个浮标还有一艘船远处是码头和城市海岸线","前方海面漂浮着两个浮标还有一艘船在两个浮标间行驶远处是城市和码头"
"262","前方海面上有一个浮标远处是城市和码头","前方海面上有着一个浮标远处是码头城市海岸线","前方海面上漂浮着一个浮标远处是城市海岸线和码头","前方海面上漂浮着一个浮标远处是码头城市海岸线","前方海面上有一个浮标远处是城市还有码头"
"1148","前方海面有多艘船舶和多个浮标，","前方海面有船舶和浮标","前方有多艘船舶和多个浮标","前方有船舶和浮标","前方海面有多艘在航行的船舶和多个浮标"
"1322","前方海面有两个浮标远处是城市，","前方海面有两个浮标远处有城市","前方海面有浮标远处是城市","前方海面有多个浮标远处是城市","前方海面有浮标远处有城市"
"1363","前方海面有两个浮标远处是城市，","前方海面有两浮标远处有城市","前方海面有浮标远处是城市","前方海面有多个浮标远处是城市","前方海面有浮标远处有城市"
"1212","前方海面有两艘船舶和一个浮标，","前方海面有两艘船舶在航行和一个浮标","前方有两艘在航行的船舶和浮标","前方有船舶和浮标","前方海面有两艘在航行的船舶和一个浮标"
"308","前方到达码头","前方是码头","前方到达城市码头","前方浮标旁是码头","码头在浮标左侧"
"352","前方到达码头","前方是码头","前方到达城市码头","前方是码头远处是城市桥梁","码头在左侧"
"1132","前方海面有三艘船舶远处是城市，","前方海面有三艘船舶在远处是城市","前方海面有在航行的船舶城市","前方有船舶城市在远处","前方海面有多艘在航行的船舶远处是城市"
"161","前方海域有码头和城市","前方海域有城市和码头","前方海域到达城市和码头","前方海域有高楼林立的城市和码头","前方有高楼林立城市的和码头"
"1160","前方海面有多艘船舶和多个浮标，","前方海面有船舶和浮标","前方有多艘船舶和多个浮标","前方有船舶和浮标","前方海面有多艘在航行的船舶和多个浮标"
"1084","前方有码头和航行的船舶","前方有航行的船舶和码头","前方有船舶和码头","前方远处有船舶在航行","前方有船舶在远处航行"
"1335","前方海面很宽阔远处是城市，","前方海面特别宽阔远处是城市","前方海面很宽阔远处有城市","前方海面特别宽阔远处有城市","前方海面宽阔远处是城市存在"
"1192","前方海面有多艘船舶，","前方海面有两艘船舶在航行","前方有两艘在航行的船舶","前方有船舶在航行","前方海面有两艘在航行的船舶"
"403","前方到达码头","前方是码头","前方到达城市码头","前方是码头远处是城市桥梁","码头在左侧"
"302","前方到达码头","前方是码头","前方到达城市码头","前方浮标旁是码头","码头在浮标左侧"
"1149","前方海面有多艘船舶和多个浮标，","前方海面有船舶和浮标","前方有多艘船舶和多个浮标","前方有船舶和浮标","前方海面有多艘在航行的船舶和多个浮标"
"341","前方到达码头","前方是码头","前方到达城市码头","前方是码头远处是城市桥梁","码头在左侧"
"619","前方海面有两艘船舶和一个浮标，","前方海面有一个浮标和两艘船舶","前方有一个浮标和两艘船舶在航行","前方有一个浮标和在航行的两艘船舶","前方有浮标和多艘船舶"
"344","前方到达码头","前方是码头","前方到达城市码头","前方是码头远处是城市桥梁","码头在左侧"
"388","前方到达码头","前方是码头","前方到达城市码头","前方是码头远处是城市桥梁","码头在左侧"
"47","前方海面上有两个浮标远处是城市","前方海面上漂浮着两个浮标远处是城市海岸线","前方海面上漂浮着两个浮标在远处是城市海岸线","前方海面上漂浮着两个浮标","前方海面上有两个浮标城市在远处"
"383","前方到达码头","前方是码头","前方到达城市码头","前方是码头远处是城市桥梁","码头在左侧"
"405","前方到达码头","前方是码头","前方到达城市码头","前方是码头远处是城市桥梁","码头在左侧"
"675","前方到达码头","前方是码头","前方到达城市码头","前方是码头远处是城市桥梁","码头在左侧"
"1102","前方海面有多艘船舶和多个浮标，","前方海面有船舶和浮标","前方有多艘船舶和多个浮标","前方有船舶和浮标","前方海面有多艘在航行的船舶和多个浮标"
"295","前方到达码头","前方是码头","前方到达城市码头","前方浮标旁是码头","码头在浮标左侧"
"229","前方海面上有一个浮标远处是城市和码头","前方海面上有着一个浮标远处是码头城市海岸线","前方海面上漂浮着一个浮标远处是城市海岸线和码头","前方海面上漂浮着一个浮标远处是码头城市海岸线","前方海面上有一个浮标远处是城市还有码头"
"1416","前方海面有三个浮标远处是城市和码头，","前方海面有三个浮标远处有城市还有码头","前方海面有三浮标远处是城市和码头","前方海面有三个浮标远处是城市还有码头","前方海面有三浮标远处有城市还有码头"
"1270","前方海面有艘船舶，","前方海面有一艘船舶在航行","前方有艘在航行的船舶","前方有船舶","前方海面有一艘在航行的船舶"
"113","前方海面上有两个浮标远处是城市还有码头","前方海面上有两个浮标远处是码头和城市海岸线","前方海面上漂浮着两个浮标远处是城市海岸线和码头","前方海面上漂浮着两个浮标远处是码头和城市海岸线","前方海面漂浮着两个浮标远处是城市和码头3"
"1392","前方海面有两个浮标远处是城市，","前方海面有两浮标远处有城市","前方海面有浮标远处是城市","前方海面有多个浮标远处是城市","前方海面有浮标远处有城市"
"60","前方海面上有三个浮标远处是城市","前方海面上漂浮着三个浮标远处是城市海岸线","前方海面上漂浮着三个浮标在远处是城市海岸线","前方海面上漂浮着三个浮标","前方海面上有三个浮标城市在远处"
"1184","前方海面有多艘船舶，","前方海面有两艘船舶在航行","前方有两艘在航行的船舶","前方有船舶在航行","前方海面有两艘在航行的船舶"
"297","前方到达码头","前方是码头","前方到达城市码头","前方浮标旁是码头","码头在浮标左侧"
"1094","前方海面有多艘船舶和多个浮标，","前方海面有船舶和浮标","前方有多艘船舶和多个浮标","前方有船舶和浮标","前方海面有多艘在航行的船舶和多个浮标"
"106","前方海面上有两个浮标远处是城市","前方海面上漂浮着两个浮标远处是城市海岸线","前方海面上漂浮着两个浮标在远处是城市海岸线","前方海面上有两个浮标远处是城市海岸线","前方海面上有两个浮标城市在远处"
"639","前方海面有一艘船舶，","前方海面有一个船舶","前方有一艘船舶在航行","前方在航行的船舶有一艘","前方有船舶在航行"
"686","前方到达码头","前方是码头","前方到达城市码头","前方是码头远处是城市桥梁","码头在左侧"
"1133","前方海面有三艘船舶远处是城市，","前方海面有三艘船舶在远处是城市","前方海面有在航行的船舶城市","前方有船舶城市在远处","前方海面有多艘在航行的船舶远处是城市"
"1325","前方海面有两个浮标远处是城市，","前方海面有两个浮标远处有城市","前方海面有浮标远处是城市","前方海面有多个浮标远处是城市","前方海面有浮标远处有城市"
"1234","前方海面有艘船舶，","前方海面有一艘船舶在航行","前方有艘在航行的船舶","前方有船舶","前方海面有一艘在航行的船舶"
"203","前方海面上有三个浮标远处是城市还有码头","前方海面上有三个浮标远处是码头和城市海岸线","前方海面上漂浮着三个浮标远处是城市海岸线和码头","前方海面上漂浮着三个浮标远处是码头和城市海岸线","前方海面漂浮着三个浮标远处是城市和码头"
"213","前方海面上有一个浮标远处是城市和码头","前方海面上有着一个浮标远处是码头城市海岸线","前方海面上漂浮着一个浮标远处是城市海岸线和码头","前方海面上漂浮着一个浮标远处是码头城市海岸线","前方海面上有一个浮标远处是城市还有码头"
"338","前方到达码头","前方是码头","前方到达城市码头","前方是码头远处是城市桥梁","码头在左侧"
"375","前方到达码头","前方是码头","前方到达城市码头","前方是码头远处是城市桥梁","码头在左侧"
"58","前方海面上有两个浮标远处是城市","前方海面上漂浮着两个浮标远处是城市海岸线","前方海面上漂浮着两个浮标在远处是城市海岸线","前方海面上漂浮着两个浮标","前方海面上有两个浮标城市在远处"
"1384","前方海面有三个浮标远处是城市，","前方海面有三个浮标远处有城市","前方海面有三浮标远处是城市","前方海面有三个浮标远处是城市","前方海面有三浮标远处有城市"
"170","前方海面上有两个浮标远处是城市和码头","前方海面上有两个浮标远处是码头城市海岸线","前方海面上漂浮着两个浮标远处是城市海岸线和码头","前方海面上漂浮着两个浮标远处是码头城市海岸线","前方海面上有两个浮标远处是城市还有码头"
"141","前方海面上有两个浮标和一艘船舶远处是城市还有码头","前方海面上有一艘在行驶的船舶还有漂浮着的两个浮标远处是码头和城市海岸线","前方海面上漂浮着两个浮标和一艘在行驶的船舶远处是城市海岸线和码头","前方海面上漂浮着两个浮标还有一艘船远处是码头和城市海岸线","前方海面漂浮着两个浮标还有一艘船在两个浮标间行驶远处是城市和码头"
"1390","前方海面有两个浮标远处是城市，","前方海面有两浮标远处有城市","前方海面有浮标远处是城市","前方海面有多个浮标远处是城市","前方海面有浮标远处有城市"
"51","前方海面上有两个浮标远处是城市","前方海面上漂浮着两个浮标远处是城市海岸线","前方海面上漂浮着两个浮标在远处是城市海岸线","前方海面上漂浮着两个浮标","前方海面上有两个浮标城市在远处"
"387","前方到达码头","前方是码头","前方到达城市码头","前方是码头远处是城市桥梁","码头在左侧"
"1349","前方海面有两个浮标远处是城市，","前方海面有两浮标远处有城市","前方海面有浮标远处是城市","前方海面有多个浮标远处是城市","前方海面有浮标远处有城市"
"159","前方海域有码头和城市","前方海域有城市和码头","前方海域到达城市和码头","前方海域有高楼林立的城市和码头","前方有高楼林立城市的和码头"
"666","前方海面有一艘船舶和一个浮标，","前方海面有一个浮标和一艘船舶","前方有一个浮标和一艘船舶在航行","前方有一个浮标和在航行的一艘船舶","前方有浮标和一艘船舶"
"595","前方有多条船舶停靠在码头","前方码头有多条船舶停靠","前方码头有多条船舶停靠在岸边","有多条船舶停靠在码头的岸边","前方的码头有多艘船舶停靠"
"1340","前方海面很宽阔远处是城市，","前方海面特别宽阔远处是城市","前方海面很宽阔远处有城市","前方海面特别宽阔远处有城市","前方海面宽阔远处是城市存在"
"354","前方到达码头","前方是码头","前方到达城市码头","前方是码头远处是城市桥梁","码头在左侧"
"20","前方海面和远处的岛屿中间有一艘船舶","前方雾蒙蒙的海面和右侧的岛屿之间有一艘船舶在航行","前方雾蒙蒙的海面和岛屿之间有一艘船舶在右侧航行","前方海面和岛屿之间有一艘船舶在右侧航行","有一艘船舶在前方雾蒙蒙的海面和岛屿之间航行"
"1250","前方海面一望无际，","前方有一望无际的海面","前方空荡的海面一望无际","前方有一望无际的海面","前方海面空荡"
"1233","前方海面有艘船舶，","前方海面有一艘船舶在航行","前方有艘在航行的船舶","前方有船舶","前方海面有一艘在航行的船舶"
"1249","前方海面一望无际，","前方有一望无际的海面","前方空荡的海面一望无际","前方有一望无际的海面","前方海面空荡"
"603","前方有多条船舶停靠在码头","前方码头有多条船舶停靠","前方码头有多条船舶停靠在岸边","有多条船舶停靠在码头的岸边","前方的码头有多艘船舶停靠"
"1242","前方海面一望无际，","前方有一望无际的海面","前方空荡的海面一望无际","前方有一望无际的海面","前方海面空荡"
"39","前方海面上有一个浮标远处是城市","前方海面上漂浮着一个浮标远处是城市海岸线","前方海面上漂浮着一个浮标远处是城市海岸线","前方海面上漂浮着一个浮标远处是城市海岸线","前方海面上有一个浮标远处是城市"
"209","前方海面上有两个浮标远处是城市还有码头","前方海面上有两个浮标远处是码头和城市海岸线","前方海面上漂浮着两个浮标远处是城市海岸线和码头","前方海面上漂浮着两个浮标远处是码头和城市海岸线","前方海面漂浮着两个浮标远处是城市和码头"
"279","前方海域有码头和城市","前方海域有城市和码头","前方海域到达城市和码头","前方海域有高楼林立的城市和码头","前方有高楼林立城市的和码头"
"1266","前方海面有艘船舶，","前方海面有一艘船舶在航行","前方有艘在航行的船舶","前方有船舶","前方海面有一艘在航行的船舶"
"1128","前方海面有三艘船舶远处是城市，","前方海面有三艘船舶在远处是城市","前方海面有在航行的船舶城市","前方有船舶城市在远处","前方海面有多艘在航行的船舶远处是城市"
"1200","前方海面有多艘船舶，","前方海面有两艘船舶在航行","前方有两艘在航行的船舶","前方有船舶在航行","前方海面有两艘在航行的船舶"
"1312","前方海面很宽阔远处是岛屿，","前方海面很宽阔远处有岛屿","前方很宽阔远处是岛屿","前方有宽阔的海面很远处是岛屿","前方有宽阔的海面很远处有岛屿"
"175","前方海面上有两个浮标远处是城市和码头","前方海面上有两个浮标远处是码头城市海岸线","前方海面上漂浮着两个浮标远处是城市海岸线和码头","前方海面上漂浮着两个浮标远处是码头城市海岸线","前方海面上有两个浮标远处是城市还有码头"
"321","前方到达码头","前方是码头","前方到达城市码头","前方浮标旁是码头","码头在浮标左侧"
"1066","前方有码头和航行的船舶","前方有航行的船舶和码头","前方有船舶和码头","前方远处有船舶在航行","前方有船舶在远处航行"
"18","前方海面和远处的岛屿中间有一艘船舶","前方雾蒙蒙的海面和右侧的岛屿之间有一艘船舶在航行","前方雾蒙蒙的海面和岛屿之间有一艘船舶在右侧航行","前方海面和岛屿之间有一艘船舶在右侧航行","有一艘船舶在前方雾蒙蒙的海面和岛屿之间航行"
"144","前方海面上有两个浮标远处是城市和码头","前方海面上漂浮着两个浮标远处是码头城市海岸线","前方海面上漂浮着两个浮标远处是城市海岸线和码头","前方海面上有两个浮标远处是码头城市海岸线","前方海面上有两个浮标远处是城市还有码头"
"356","前方到达码头","前方是码头","前方到达城市码头","前方是码头远处是城市桥梁","码头在左侧"
"289","前方到达码头","前方是码头","前方到达城市码头","前方两个浮标旁是码头","码头在两个浮标左侧"
"1118","前方海面有两艘船舶和三个浮标远处是城市，","前方海面有多艘船舶和多个浮标远处是城市","前方海面有多艘船舶和多个浮标","前方有船舶和浮标远处是城市","前方海面有多艘在航行的船舶和多个浮标远处是城市"
"1382","前方海面有三个浮标远处是城市，","前方海面有三个浮标远处有城市","前方海面有三浮标远处是城市","前方海面有三个浮标远处是城市","前方海面有三浮标远处有城市"
"224","前方海面上有两个浮标远处是城市还有码头","前方海面上有两个浮标远处是码头和城市海岸线","前方海面上漂浮着两个浮标远处是城市海岸线和码头","前方海面上漂浮着两个浮标远处是码头和城市海岸线","前方海面漂浮着两个浮标远处是城市和码头"
"121","前方海域有码头和城市","前方海域有城市和码头","前方海域到达城市和码头","前方海域有高楼林立的城市和码头","前方有高楼林立城市的和码头"
"1079","前方有码头和航行的船舶","前方有航行的船舶和码头","前方有船舶和码头","前方远处有船舶在航行","前方有船舶在远处航行"
"214","前方海面上有两个浮标远处是城市还有码头","前方海面上有两个浮标远处是码头和城市海岸线","前方海面上漂浮着两个浮标远处是城市海岸线和码头","前方海面上漂浮着两个浮标远处是码头和城市海岸线","前方海面漂浮着两个浮标远处是城市和码头"
"335","前方到达码头","前方是码头","前方到达城市码头","前方是码头远处是城市桥梁","码头在左侧"
"1205","前方海面有两艘船舶和一个浮标，","前方海面有两艘船舶在航行和一个浮标","前方有两艘在航行的船舶和浮标","前方有船舶和浮标","前方海面有两艘在航行的船舶和一个浮标"
"1186","前方海面有多艘船舶，","前方海面有两艘船舶在航行","前方有两艘在航行的船舶","前方有船舶在航行","前方海面有两艘在航行的船舶"
"1218","前方海面有艘船舶和一个浮标，","前方海面有一艘船舶在航行和一个浮标","前方有艘在航行的船舶和浮标","前方有船舶和浮标","前方海面有一艘在航行的船舶和一个浮标"
"1142","前方海面有多艘船舶和多个浮标，","前方海面有船舶和浮标","前方有多艘船舶和多个浮标","前方有船舶和浮标","前方海面有多艘在航行的船舶和多个浮标"
"1122","前方海面有两艘船舶和两个浮标远处是城市，","前方海面有多艘船舶和多个浮标远处是城市","前方海面有多艘船舶和多个浮标","前方有船舶和浮标远处是城市","前方海面有多艘在航行的船舶和多个浮标远处是城市"
"1044","前方有多条船舶停靠在码头","前方码头有多条船舶停靠","前方码头有多条船舶停靠在岸边","有多条船舶停靠在码头的岸边","前方的码头有多艘船舶停靠"
"1401","前方海面很宽阔远处是城市和码头，","前方海面特别宽阔远处是城市和码头","前方海面很宽阔远处有城市和码头","前方海面特别宽阔远处有城市和码头","前方海面宽阔远处是城市和码头存在"
"46","前方海面上有两个浮标远处是城市","前方海面上漂浮着两个浮标远处是城市海岸线","前方海面上漂浮着两个浮标在远处是城市海岸线","前方海面上漂浮着两个浮标","前方海面上有两个浮标城市在远处"
"1333","前方海面很宽阔远处是城市，","前方海面特别宽阔远处是城市","前方海面很宽阔远处有城市","前方海面特别宽阔远处有城市","前方海面宽阔远处是城市存在"
"191","前方海面上有四个浮标远处是城市还有码头","前方海面上有四个浮标远处是码头和城市海岸线","前方海面上漂浮着四个浮标远处是城市海岸线和码头","前方海面上漂浮着四个浮标远处是码头和城市海岸线","前方海面漂浮着四个浮标远处是城市和码头"
"1191","前方海面有多艘船舶，","前方海面有两艘船舶在航行","前方有两艘在航行的船舶","前方有船舶在航行","前方海面有两艘在航行的船舶"
"205","前方海面上有三个浮标远处是城市还有码头","前方海面上有三个浮标远处是码头和城市海岸线","前方海面上漂浮着三个浮标远处是城市海岸线和码头","前方海面上漂浮着三个浮标远处是码头和城市海岸线","前方海面漂浮着三个浮标远处是城市和码头"
"17","前方海面和远处的岛屿中间有一艘船舶","前方雾蒙蒙的海面和右侧的岛屿之间有一艘船舶在航行","前方雾蒙蒙的海面和岛屿之间有一艘船舶在右侧航行","前方海面和岛屿之间有一艘船舶在右侧航行","有一艘船舶在前方雾蒙蒙的海面和岛屿之间航行"
"1038","前方有多条船舶停靠在码头","前方码头有多条船舶停靠","前方码头有多条船舶停靠在岸边","有多条船舶停靠在码头的岸边","前方的码头有多艘船舶停靠"
"49","前方海面上有两个浮标远处是城市","前方海面上漂浮着两个浮标远处是城市海岸线","前方海面上漂浮着两个浮标在远处是城市海岸线","前方海面上漂浮着两个浮标","前方海面上有两个浮标城市在远处"
"1388","前方海面有两个浮标远处是城市，","前方海面有两浮标远处有城市","前方海面有浮标远处是城市","前方海面有多个浮标远处是城市","前方海面有浮标远处有城市"
"1316","前方海面有两个浮标远处是城市，","前方海面有两个浮标远处有城市","前方海面有浮标远处是城市","前方海面有多个浮标远处是城市","前方海面有浮标远处有城市"
"1042","前方有多条船舶停靠在码头","前方码头有多条船舶停靠","前方码头有多条船舶停靠在岸边","有多条船舶停靠在码头的岸边","前方的码头有多艘船舶停靠"
"1143","前方海面有多艘船舶和多个浮标，","前方海面有船舶和浮标","前方有多艘船舶和多个浮标","前方有船舶和浮标","前方海面有多艘在航行的船舶和多个浮标"
"676","前方到达码头","前方是码头","前方到达城市码头","前方是码头远处是城市桥梁","码头在左侧"
"317","前方到达码头","前方是码头","前方到达城市码头","前方浮标旁是码头","码头在浮标左侧"
"1115","前方海面有两艘船舶和三个浮标远处是城市，","前方海面有多艘船舶和多个浮标远处是城市","前方海面有多艘船舶和多个浮标","前方有船舶和浮标远处是城市","前方海面有多艘在航行的船舶和多个浮标远处是城市"
"259","前方海面上有一个浮标远处是城市和码头","前方海面上有着一个浮标远处是码头城市海岸线","前方海面上漂浮着一个浮标远处是城市海岸线和码头","前方海面上漂浮着一个浮标远处是码头城市海岸线","前方海面上有一个浮标远处是城市还有码头"
"27","前方海面和远处的岛屿中间有一艘船舶","前方雾蒙蒙的海面和右侧的岛屿之间有一艘船舶在航行","前方雾蒙蒙的海面和岛屿之间有一艘船舶在右侧航行","前方海面和岛屿之间有一艘船舶在右侧航行","有一艘船舶在前方雾蒙蒙的海面和岛屿之间航行"
"1247","前方海面一望无际，","前方有一望无际的海面","前方空荡的海面一望无际","前方有一望无际的海面","前方海面空荡"
"633","前方海面有一艘船舶和一个浮标，","前方海面有一个浮标和一艘船舶","前方有一个浮标和一艘船舶在航行","前方有一个浮标和在航行的一艘船舶","前方有浮标和一艘船舶"
"1370","前方海面很宽阔远处是城市，","前方海面特别宽阔远处是城市","前方海面很宽阔远处有城市","前方海面特别宽阔远处有城市","前方海面宽阔远处是城市存在"
"398","前方到达码头","前方是码头","前方到达城市码头","前方是码头远处是城市桥梁","码头在左侧"
"263","前方海面上有一个浮标远处是城市和码头","前方海面上有着一个浮标远处是码头城市海岸线","前方海面上漂浮着一个浮标远处是城市海岸线和码头","前方海面上漂浮着一个浮标远处是码头城市海岸线","前方海面上有一个浮标远处是城市还有码头"
"38","前方海面上有一个浮标远处是城市","前方海面上漂浮着一个浮标远处是城市海岸线","前方海面上漂浮着一个浮标远处是城市海岸线","前方海面上漂浮着一个浮标远处是城市海岸线","前方海面上有一个浮标远处是城市"
"1383","前方海面有三个浮标远处是城市，","前方海面有三个浮标远处有城市","前方海面有三浮标远处是城市","前方海面有三个浮标远处是城市","前方海面有三浮标远处有城市"
"408","前方到达码头","前方是码头","前方到达城市码头","前方是码头远处是城市桥梁","码头在左侧"
"665","前方海面有一艘船舶和一个浮标，","前方海面有一个浮标和一艘船舶","前方有一个浮标和一艘船舶在航行","前方有一个浮标和在航行的一艘船舶","前方有浮标和一艘船舶"
"1385","前方海面有三个浮标远处是城市，","前方海面有三个浮标远处有城市","前方海面有三浮标远处是城市","前方海面有三个浮标远处是城市","前方海面有三浮标远处有城市"
"1284","前方海面很宽阔远处是岛屿，","前方海面很宽阔远处有岛屿","前方很宽阔远处是岛屿","前方有宽阔的海面很远处是岛屿","前方有宽阔的海面很远处有岛屿"
"1177","前方海面有多艘船舶，","前方海面有两艘船舶在航行","前方有两艘在航行的船舶","前方有船舶在航行","前方海面有两艘在航行的船舶"
"228","前方海面上有一个浮标远处是城市和码头","前方海面上有着一个浮标远处是码头城市海岸线","前方海面上漂浮着一个浮标远处是城市海岸线和码头","前方海面上漂浮着一个浮标远处是码头城市海岸线","前方海面上有一个浮标远处是城市还有码头"
"1286","前方海面很宽阔远处是岛屿，","前方海面很宽阔远处有岛屿","前方很宽阔远处是岛屿","前方有宽阔的海面很远处是岛屿","前方有宽阔的海面很远处有岛屿"
"1295","前方海面很宽阔远处是岛屿，","前方海面很宽阔远处有岛屿","前方很宽阔远处是岛屿","前方有宽阔的海面很远处是岛屿","前方有宽阔的海面很远处有岛屿"
"699","前方到达码头","前方是码头","前方到达城市码头","前方是码头远处是城市桥梁","码头在左侧"
"1414","前方海面有三个浮标远处是城市和码头，","前方海面有三个浮标远处有城市还有码头","前方海面有三浮标远处是城市和码头","前方海面有三个浮标远处是城市还有码头","前方海面有三浮标远处有城市还有码头"
"1267","前方海面有艘船舶，","前方海面有一艘船舶在航行","前方有艘在航行的船舶","前方有船舶","前方海面有一艘在航行的船舶"
"1106","前方海面有多艘船舶和多个浮标，","前方海面有船舶和浮标","前方有多艘船舶和多个浮标","前方有船舶和浮标","前方海面有多艘在航行的船舶和多个浮标"
"1386","前方海面有两个浮标远处是城市，","前方海面有两浮标远处有城市","前方海面有浮标远处是城市","前方海面有多个浮标远处是城市","前方海面有浮标远处有城市"
"196","前方海面上有三个浮标远处是城市还有码头","前方海面上有三个浮标远处是码头和城市海岸线","前方海面上漂浮着三个浮标远处是城市海岸线和码头","前方海面上漂浮着三个浮标远处是码头和城市海岸线","前方海面漂浮着三个浮标远处是城市和码头"
"1156","前方海面有多艘船舶和多个浮标，","前方海面有船舶和浮标","前方有多艘船舶和多个浮标","前方有船舶和浮标","前方海面有多艘在航行的船舶和多个浮标"
"173","前方海面上有三个浮标远处是城市和码头","前方海面上有三个浮标远处是码头城市海岸线","前方海面上漂浮着三个浮标远处是城市海岸线和码头","前方海面上漂浮着三个浮标远处是码头城市海岸线","前方海面上有三个浮标远处是城市还有码头"
"1138","前方海面有三艘船舶远处是城市，","前方海面有三艘船舶在远处是城市","前方海面有在航行的船舶城市","前方有船舶城市在远处","前方海面有多艘在航行的船舶远处是城市"
"1155","前方海面有多艘船舶和多个浮标，","前方海面有船舶和浮标","前方有多艘船舶和多个浮标","前方有船舶和浮标","前方海面有多艘在航行的船舶和多个浮标"
"1294","前方海面很宽阔远处是岛屿，","前方海面很宽阔远处有岛屿","前方很宽阔远处是岛屿","前方有宽阔的海面很远处是岛屿","前方有宽阔的海面很远处有岛屿"
"117","前方海面有一个浮标远处是城市还有码头","前方海面上漂浮着一个浮标远处是码头和城市海岸线","前方海面上漂浮着一个浮标远处是城市海岸线和码头","前方海面上漂浮着一个浮标远处是码头和城市海岸线","前方海面漂浮着一个浮标远处是城市和码头"
"260","前方海面上有一个浮标远处是城市和码头","前方海面上有着一个浮标远处是码头城市海岸线","前方海面上漂浮着一个浮标远处是城市海岸线和码头","前方海面上漂浮着一个浮标远处是码头城市海岸线","前方海面上有一个浮标远处是城市还有码头"
"1144","前方海面有多艘船舶和多个浮标，","前方海面有船舶和浮标","前方有多艘船舶和多个浮标","前方有船舶和浮标","前方海面有多艘在航行的船舶和多个浮标"
"109","前方海面上有两个浮标远处是城市","前方海面上漂浮着两个浮标远处是城市海岸线","前方海面上漂浮着两个浮标在远处是城市海岸线","前方海面上有两个浮标远处是城市海岸线","前方海面上有两个浮标城市在远处"
"617","前方海面有四艘船舶，","前方海面有四个船舶","前方有四艘船舶在航行","前方在航行的船舶有四艘","前方有多艘船舶"
"615","前方海面有四艘船舶，","前方海面有四个船舶","前方有四艘船舶在航行","前方在航行的船舶有四艘","前方有多艘船舶"
"1113","前方海面有两艘船舶和四个浮标远处是城市，","前方海面有多艘船舶和多个浮标远处是城市","前方海面有多艘船舶和多个浮标","前方有船舶和浮标远处是城市","前方海面有多艘在航行的船舶和多个浮标远处是城市"
"135","前方海面上有两个浮标和一艘船舶远处是城市还有码头","前方海面上有一艘在行驶的船舶还有漂浮着的两个浮标远处是码头和城市海岸线","前方海面上漂浮着两个浮标和一艘在行驶的船舶远处是城市海岸线和码头","前方海面上漂浮着两个浮标还有一艘船远处是码头和城市海岸线","前方海面漂浮着两个浮标还有一艘船在两个浮标间行驶远处是城市和码头"
"54","前方海面上有两个浮标远处是城市","前方海面上漂浮着两个浮标远处是城市海岸线","前方海面上漂浮着两个浮标在远处是城市海岸线","前方海面上漂浮着两个浮标","前方海面上有两个浮标城市在远处"
"172","前方海面上有三个浮标远处是城市和码头","前方海面上有三个浮标远处是码头城市海岸线","前方海面上漂浮着三个浮标远处是城市海岸线和码头","前方海面上漂浮着三个浮标远处是码头城市海岸线","前方海面上有三个浮标远处是城市还有码头"
"599","前方有多条船舶停靠在码头","前方码头有多条船舶停靠","前方码头有多条船舶停靠在岸边","有多条船舶停靠在码头的岸边","前方的码头有多艘船舶停靠"
"1365","前方海面有个浮标远处是城市，","前方海面有一个浮标远处有城市","前方海面有一浮标远处是城市","前方海面有浮标远处是城市","前方海面有浮标远处有城市"
"241","前方海域有码头和城市","前方海域有城市和码头","前方海域到达城市和码头","前方海域有高楼林立的城市和码头","前方有高楼林立城市的和码头"
"1278","前方海面有艘船舶，","前方海面有一艘船舶在航行","前方有艘在航行的船舶","前方有船舶","前方海面有一艘在航行的船舶"
"1207","前方海面有两艘船舶和一个浮标，","前方海面有两艘船舶在航行和一个浮标","前方有两艘在航行的船舶和浮标","前方有船舶和浮标","前方海面有两艘在航行的船舶和一个浮标"
"9","前方海面和远处的岛屿中间有一艘船舶","前方雾蒙蒙的海面和右侧的岛屿之间有一艘船舶在航行","前方雾蒙蒙的海面和岛屿之间有一艘船舶在航行","前方雾蒙蒙的海面和右侧的岛屿之间有一艘船舶在航行","有一艘船舶在前方雾蒙蒙的海面和岛屿之间航行"
"1248","前方海面一望无际，","前方有一望无际的海面","前方空荡的海面一望无际","前方有一望无际的海面","前方海面空荡"
"37","前方海面上有两个浮标远处是城市","前方海面上漂浮着两个浮标远处是城市海岸线","前方海面上漂浮着两个浮标在远处是城市海岸线","前方海面上漂浮着两个浮标","前方海面上有两个浮标城市在远处"
"648","前方海面有一艘船舶，","前方海面有一个船舶","前方有一艘船舶在航行","前方在航行的船舶有一艘","前方有船舶在航行"
"287","前方到达码头","前方是码头","前方到达城市码头","前方两个浮标旁是码头","码头在两个浮标左侧"
"337","前方到达码头","前方是码头","前方到达城市码头","前方是码头远处是城市桥梁","码头在左侧"
"1193","前方海面有多艘船舶，","前方海面有两艘船舶在航行","前方有两艘在航行的船舶","前方有船舶在航行","前方海面有两艘在航行的船舶"
"1098","前方海面有多艘船舶和多个浮标，","前方海面有船舶和浮标","前方有多艘船舶和多个浮标","前方有船舶和浮标","前方海面有多艘在航行的船舶和多个浮标"
"1162","前方海面有多艘船舶和多个浮标，","前方海面有船舶和浮标","前方有多艘船舶和多个浮标","前方有船舶和浮标","前方海面有多艘在航行的船舶和多个浮标"
"1171","前方海面有多艘船舶，","前方海面有船舶在航行","前方有多艘在航行的船舶","前方有船舶在航行","前方海面有多艘在航行的船舶"
"296","前方到达码头","前方是码头","前方到达城市码头","前方浮标旁是码头","码头在浮标左侧"
"1137","前方海面有三艘船舶远处是城市，","前方海面有三艘船舶在远处是城市","前方海面有在航行的船舶城市","前方有船舶城市在远处","前方海面有多艘在航行的船舶远处是城市"
"331","前方到达码头","前方是码头","前方到达城市码头","前方浮标旁是码头","码头在浮标左侧"
"610","前方海面有三艘船舶，","前方海面有三个船舶","前方有三艘船舶在航行","前方在航行的船舶有三艘","前方有多艘船舶"
"171","前方海面上有两个浮标远处是城市和码头","前方海面上有两个浮标远处是码头城市海岸线","前方海面上漂浮着两个浮标远处是城市海岸线和码头","前方海面上漂浮着两个浮标远处是码头城市海岸线","前方海面上有两个浮标远处是城市还有码头"
"1231","前方海面有艘船舶，","前方海面有一艘船舶在航行","前方有艘在航行的船舶","前方有船舶","前方海面有一艘在航行的船舶"
"1315","前方海面有两个浮标远处是城市，","前方海面有两个浮标远处有城市","前方海面有浮标远处是城市","前方海面有多个浮标远处是城市","前方海面有浮标远处有城市"
"1077","前方有码头和航行的船舶","前方有航行的船舶和码头","前方有船舶和码头","前方远处有船舶在航行","前方有船舶在远处航行"
"684","前方到达码头","前方是码头","前方到达城市码头","前方是码头远处是城市桥梁","码头在左侧"
"168","前方海面上有两个浮标远处是城市和码头","前方海面上有两个浮标远处是码头城市海岸线","前方海面上漂浮着两个浮标远处是城市海岸线和码头","前方海面上漂浮着两个浮标远处是码头城市海岸线","前方海面上有两个浮标远处是城市还有码头"
"167","前方海面上有两个浮标远处是城市和码头","前方海面上有两个浮标远处是码头城市海岸线","前方海面上漂浮着两个浮标远处是城市海岸线和码头","前方海面上漂浮着两个浮标远处是码头城市海岸线","前方海面上有两个浮标远处是城市还有码头"
"1240","前方海面一望无际，","前方有一望无际的海面","前方空荡的海面一望无际","前方有一望无际的海面","前方海面空荡"
"1352","前方海面有两个浮标远处是城市，","前方海面有两浮标远处有城市","前方海面有浮标远处是城市","前方海面有多个浮标远处是城市","前方海面有浮标远处有城市"
"1187","前方海面有多艘船舶，","前方海面有两艘船舶在航行","前方有两艘在航行的船舶","前方有船舶在航行","前方海面有两艘在航行的船舶"
"382","前方到达码头","前方是码头","前方到达城市码头","前方是码头远处是城市桥梁","码头在左侧"
"659","前方海面有一艘船舶，","前方海面有一个船舶","前方有一艘船舶在航行","前方在航行的船舶有一艘","前方有船舶在航行"
"359","前方到达码头","前方是码头","前方到达城市码头","前方是码头远处是城市桥梁","码头在左侧"
"220","前方海面上有一个浮标远处是城市和码头","前方海面上有着一个浮标远处是码头城市海岸线","前方海面上漂浮着一个浮标远处是城市海岸线和码头","前方海面上漂浮着一个浮标远处是码头城市海岸线","前方海面上有一个浮标远处是城市还有码头"
"140","前方海面上有两个浮标和一艘船舶远处是城市还有码头","前方海面上有一艘在行驶的船舶还有漂浮着的两个浮标远处是码头和城市海岸线","前方海面上漂浮着两个浮标和一艘在行驶的船舶远处是城市海岸线和码头","前方海面上漂浮着两个浮标还有一艘船远处是码头和城市海岸线","前方海面漂浮着两个浮标还有一艘船在两个浮标间行驶远处是城市和码头"
"1285","前方海面很宽阔远处是岛屿，","前方海面很宽阔远处有岛屿","前方很宽阔远处是岛屿","前方有宽阔的海面很远处是岛屿","前方有宽阔的海面很远处有岛屿"
"1135","前方海面有三艘船舶远处是城市，","前方海面有三艘船舶在远处是城市","前方海面有在航行的船舶城市","前方有船舶城市在远处","前方海面有多艘在航行的船舶远处是城市"
"160","前方海域有码头和城市","前方海域有城市和码头","前方海域到达城市和码头","前方海域有高楼林立的城市和码头","前方有高楼林立城市的和码头"
"1377","前方海面有三个浮标远处是城市，","前方海面有三个浮标远处有城市","前方海面有三浮标远处是城市","前方海面有三个浮标远处是城市","前方海面有三浮标远处有城市"
"231","前方海面上有一个浮标远处是城市和码头","前方海面上有着一个浮标远处是码头城市海岸线","前方海面上漂浮着一个浮标远处是城市海岸线和码头","前方海面上漂浮着一个浮标远处是码头城市海岸线","前方海面上有一个浮标远处是城市还有码头"
"1136","前方海面有三艘船舶远处是城市，","前方海面有三艘船舶在远处是城市","前方海面有在航行的船舶城市","前方有船舶城市在远处","前方海面有多艘在航行的船舶远处是城市"
"313","前方到达码头","前方是码头","前方到达城市码头","前方浮标旁是码头","码头在浮标左侧"
"327","前方到达码头","前方是码头","前方到达城市码头","前方浮标旁是码头","码头在浮标左侧"
"596","前方有多条船舶停靠在码头","前方码头有多条船舶停靠","前方码头有多条船舶停靠在岸边","有多条船舶停靠在码头的岸边","前方的码头有多艘船舶停靠"
"139","前方海面上有两个浮标和一艘船舶远处是城市还有码头","前方海面上有一艘在行驶的船舶还有漂浮着的两个浮标远处是码头和城市海岸线","前方海面上漂浮着两个浮标和一艘在行驶的船舶远处是城市海岸线和码头","前方海面上漂浮着两个浮标还有一艘船远处是码头和城市海岸线","前方海面漂浮着两个浮标还有一艘船在两个浮标间行驶远处是城市和码头"
"217","前方海面上有一个浮标远处是城市和码头","前方海面上有着一个浮标远处是码头城市海岸线","前方海面上漂浮着一个浮标远处是城市海岸线和码头","前方海面上漂浮着一个浮标远处是码头城市海岸线","前方海面上有一个浮标远处是城市还有码头"
"236","前方海面上有一个浮标远处是城市和码头","前方海面上有着一个浮标远处是码头城市海岸线","前方海面上漂浮着一个浮标远处是城市海岸线和码头","前方海面上漂浮着一个浮标远处是码头城市海岸线","前方海面上有一个浮标远处是城市还有码头"
"634","前方海面有一艘船舶，","前方海面有一个船舶","前方有一艘船舶在航行","前方在航行的船舶有一艘","前方有船舶在航行"
"280","前方到达码头","前方是码头","前方到达城市码头","前方两个浮标旁是码头","码头在两个浮标左侧"
"611","前方海面有四艘船舶，","前方海面有四个船舶","前方有四艘船舶在航行","前方在航行的船舶有四艘","前方有多艘船舶"
"1314","前方海面有两个浮标远处是城市，","前方海面有两个浮标远处有城市","前方海面有浮标远处是城市","前方海面有多个浮标远处是城市","前方海面有浮标远处有城市"
"146","前方海面上有两个浮标远处是城市和码头","前方海面上漂浮着两个浮标远处是码头城市海岸线","前方海面上漂浮着两个浮标远处是城市海岸线和码头","前方海面上有两个浮标远处是码头城市海岸线","前方海面上有两个浮标远处是城市还有码头"
"1164","前方海面有多艘船舶和多个浮标，","前方海面有船舶和浮标","前方有多艘船舶和多个浮标","前方有船舶和浮标","前方海面有多艘在航行的船舶和多个浮标"
"598","前方有多条船舶停靠在码头","前方码头有多条船舶停靠","前方码头有多条船舶停靠在岸边","有多条船舶停靠在码头的岸边","前方的码头有多艘船舶停靠"
"1410","前方海面有三个浮标远处是城市和码头，","前方海面有三个浮标远处有城市还有码头","前方海面有三浮标远处是城市和码头","前方海面有三个浮标远处是城市还有码头","前方海面有三浮标远处有城市还有码头"
"1215","前方海面有两艘船舶，","前方海面有两艘船舶在航行","前方有两艘在航行的船舶","前方有船舶","前方海面有两艘在航行的船舶"
"1336","前方海面很宽阔远处是城市，","前方海面特别宽阔远处是城市","前方海面很宽阔远处有城市","前方海面特别宽阔远处有城市","前方海面宽阔远处是城市存在"
"253","前方海面上有一个浮标远处是城市和码头","前方海面上有着一个浮标远处是码头城市海岸线","前方海面上漂浮着一个浮标远处是城市海岸线和码头","前方海面上漂浮着一个浮标远处是码头城市海岸线","前方海面上有一个浮标远处是城市还有码头"
"1168","前方海面有多艘船舶和多个浮标，","前方海面有船舶和浮标","前方有多艘船舶和多个浮标","前方有船舶和浮标","前方海面有多艘在航行的船舶和多个浮标"
"1338","前方海面很宽阔远处是城市，","前方海面特别宽阔远处是城市","前方海面很宽阔远处有城市","前方海面特别宽阔远处有城市","前方海面宽阔远处是城市存在"
"1371","前方海面很宽阔远处是城市，","前方海面特别宽阔远处是城市","前方海面很宽阔远处有城市","前方海面特别宽阔远处有城市","前方海面宽阔远处是城市存在"
"1341","前方海面很宽阔远处是城市，","前方海面特别宽阔远处是城市","前方海面很宽阔远处有城市","前方海面特别宽阔远处有城市","前方海面宽阔远处是城市存在"
"1151","前方海面有多艘船舶和多个浮标，","前方海面有船舶和浮标","前方有多艘船舶和多个浮标","前方有船舶和浮标","前方海面有多艘在航行的船舶和多个浮标"
"1273","前方海面有艘船舶，","前方海面有一艘船舶在航行","前方有艘在航行的船舶","前方有船舶","前方海面有一艘在航行的船舶"
"1206","前方海面有两艘船舶和一个浮标，","前方海面有两艘船舶在航行和一个浮标","前方有两艘在航行的船舶和浮标","前方有船舶和浮标","前方海面有两艘在航行的船舶和一个浮标"
"420","前方到达码头","前方左侧是码头右侧的海面有一艘船在航行","前方右侧的海面有一艘船在航行左侧是码头","前方是码头远处是城市桥梁","码头在左侧"
"1389","前方海面有两个浮标远处是城市，","前方海面有两浮标远处有城市","前方海面有浮标远处是城市","前方海面有多个浮标远处是城市","前方海面有浮标远处有城市"
"1036","前方有多条船舶停靠在码头","前方码头有多条船舶停靠","前方码头有多条船舶停靠在岸边","有多条船舶停靠在码头的岸边","前方的码头有多艘船舶停靠"
"301","前方到达码头","前方是码头","前方到达城市码头","前方浮标旁是码头","码头在浮标左侧"
"1258","前方海面有艘船舶，","前方海面有一艘船舶在航行","前方有艘在航行的船舶","前方有船舶","前方海面有一艘在航行的船舶"
"637","前方海面有一艘船舶，","前方海面有一个船舶","前方有一艘船舶在航行","前方在航行的船舶有一艘","前方有船舶在航行"
"692","前方到达码头","前方是码头","前方到达城市码头","前方是码头远处是城市桥梁","码头在左侧"
"118","前方海域有码头和城市","前方海域有城市和码头","前方海域到达城市和码头","前方海域有高楼林立的城市和码头","前方有高楼林立城市的和码头"
"266","前方海域有码头和城市","前方海域有城市和码头","前方海域到达城市和码头","前方海域有高楼林立的城市和码头","前方有高楼林立城市的和码头"
"1300","前方海面很宽阔远处是岛屿，","前方海面很宽阔远处有岛屿","前方很宽阔远处是岛屿","前方有宽阔的海面很远处是岛屿","前方有宽阔的海面很远处有岛屿"
"1134","前方海面有三艘船舶远处是城市，","前方海面有三艘船舶在远处是城市","前方海面有在航行的船舶城市","前方有船舶城市在远处","前方海面有多艘在航行的船舶远处是城市"
"1198","前方海面有多艘船舶，","前方海面有两艘船舶在航行","前方有两艘在航行的船舶","前方有船舶在航行","前方海面有两艘在航行的船舶"
"407","前方到达码头","前方是码头","前方到达城市码头","前方是码头远处是城市桥梁","码头在左侧"
"1399","前方海面有个浮标远处是城市，","前方海面有一浮标远处有城市","前方海面有一个浮标远处是城市","前方海面有一个浮标远处是城市","前方海面有浮标远处有城市"
"1277","前方海面有艘船舶，","前方海面有一艘船舶在航行","前方有艘在航行的船舶","前方有船舶","前方海面有一艘在航行的船舶"
"267","前方海域有码头和城市","前方海域有城市和码头","前方海域到达城市和码头","前方海域有高楼林立的城市和码头","前方有高楼林立城市的和码头"
"1320","前方海面有两个浮标远处是城市，","前方海面有两个浮标远处有城市","前方海面有浮标远处是城市","前方海面有多个浮标远处是城市","前方海面有浮标远处有城市"
"1203","前方海面有多艘船舶，","前方海面有两艘船舶在航行","前方有两艘在航行的船舶","前方有船舶在航行","前方海面有两艘在航行的船舶"
"351","前方到达码头","前方是码头","前方到达城市码头","前方是码头远处是城市桥梁","码头在左侧"
"1175","前方海面有多艘船舶，","前方海面有两艘船舶在航行","前方有两艘在航行的船舶","前方有船舶在航行","前方海面有两艘在航行的船舶"
"606","前方海面有三艘船舶和一个浮标，","前方海面有一个浮标和三艘船舶","前方有一个浮标和三艘船舶在航行","前方有一个浮标和在航行的三艘船舶","前方有浮标和多艘船舶"
"1324","前方海面有两个浮标远处是城市，","前方海面有两个浮标远处有城市","前方海面有浮标远处是城市","前方海面有多个浮标远处是城市","前方海面有浮标远处有城市"
"392","前方到达码头","前方是码头","前方到达城市码头","前方是码头远处是城市桥梁","码头在左侧"
"292","前方到达码头","前方是码头","前方到达城市码头","前方两个浮标旁是码头","码头在两个浮标左侧"
"1154","前方海面有多艘船舶和多个浮标，","前方海面有船舶和浮标","前方有多艘船舶和多个浮标","前方有船舶和浮标","前方海面有多艘在航行的船舶和多个浮标"
"1159","前方海面有多艘船舶和多个浮标，","前方海面有船舶和浮标","前方有多艘船舶和多个浮标","前方有船舶和浮标","前方海面有多艘在航行的船舶和多个浮标"
"316","前方到达码头","前方是码头","前方到达城市码头","前方浮标旁是码头","码头在浮标左侧"
"410","前方到达码头","前方是码头","前方到达城市码头","前方是码头远处是城市桥梁","码头在左侧"
"418","前方到达码头","前方左侧是码头右侧的海面有一艘船在航行","前方右侧的海面有一艘船在航行左侧是码头","前方是码头远处是城市桥梁","码头在左侧"
"258","前方海面上有一个浮标远处是城市和码头","前方海面上有着一个浮标远处是码头城市海岸线","前方海面上漂浮着一个浮标远处是城市海岸线和码头","前方海面上漂浮着一个浮标远处是码头城市海岸线","前方海面上有一个浮标远处是城市还有码头"
"1372","前方海面很宽阔远处是城市，","前方海面特别宽阔远处是城市","前方海面很宽阔远处有城市","前方海面特别宽阔远处有城市","前方海面宽阔远处是城市存在"
"1279","前方海面有艘船舶，","前方海面有一艘船舶在航行","前方有艘在航行的船舶","前方有船舶","前方海面有一艘在航行的船舶"
"668","前方海面有一艘船舶和一个浮标，","前方海面有一个浮标和一艘船舶","前方有一个浮标和一艘船舶在航行","前方有一个浮标和在航行的一艘船舶","前方有浮标和一艘船舶"
"381","前方到达码头","前方是码头","前方到达城市码头","前方是码头远处是城市桥梁","码头在左侧"
"701","前方到达码头","前方是码头","前方到达城市码头","前方是码头远处是城市桥梁","码头在左侧"
"1166","前方海面有多艘船舶和多个浮标，","前方海面有船舶和浮标","前方有多艘船舶和多个浮标","前方有船舶和浮标","前方海面有多艘在航行的船舶和多个浮标"
"1404","前方海面很宽阔远处是城市和码头，","前方海面特别宽阔远处是城市和码头","前方海面很宽阔远处有城市和码头","前方海面特别宽阔远处有城市和码头","前方海面宽阔远处是城市和码头存在"
"1350","前方海面有两个浮标远处是城市，","前方海面有两浮标远处有城市","前方海面有浮标远处是城市","前方海面有多个浮标远处是城市","前方海面有浮标远处有城市"
"1329","前方海面有两个浮标远处是城市，","前方海面有两个浮标远处有城市","前方海面有浮标远处是城市","前方海面有多个浮标远处是城市","前方海面有浮标远处有城市"
"1146","前方海面有多艘船舶和多个浮标，","前方海面有船舶和浮标","前方有多艘船舶和多个浮标","前方有船舶和浮标","前方海面有多艘在航行的船舶和多个浮标"
"1287","前方海面很宽阔远处是岛屿，","前方海面很宽阔远处有岛屿","前方很宽阔远处是岛屿","前方有宽阔的海面很远处是岛屿","前方有宽阔的海面很远处有岛屿"
"1172","前方海面有多艘船舶，","前方海面有船舶在航行","前方有多艘在航行的船舶","前方有船舶在航行","前方海面有多艘在航行的船舶"
"1280","前方海面很宽阔远处是岛屿，","前方海面很宽阔远处有岛屿","前方很宽阔远处是岛屿","前方有宽阔的海面很远处是岛屿","前方有宽阔的海面很远处有岛屿"
"1083","前方有码头和航行的船舶","前方有航行的船舶和码头","前方有船舶和码头","前方远处有船舶在航行","前方有船舶在远处航行"
"1376","前方海面有三个浮标远处是城市，","前方海面有三个浮标远处有城市","前方海面有三浮标远处是城市","前方海面有三个浮标远处是城市","前方海面有三浮标远处有城市"
"1104","前方海面有多艘船舶和多个浮标，","前方海面有船舶和浮标","前方有多艘船舶和多个浮标","前方有船舶和浮标","前方海面有多艘在航行的船舶和多个浮标"
"86","前方海面上有一个浮标远处是城市和码头","前方海面上漂浮着一个浮标远处是城市海岸线和码头","前方海面上有一个浮标远处是码头和城市海岸线","前方海面上漂浮着一个浮标远处是码头和城市海岸线","前方海面上有一个浮标城市和码头在远处"
"276","前方海域有码头和城市","前方海域有城市和码头","前方海域到达城市和码头","前方海域有高楼林立的城市和码头","前方有高楼林立城市的和码头"
"1225","前方海面有艘船舶，","前方海面有一艘船舶在航行","前方有艘在航行的船舶","前方有船舶","前方海面有一艘在航行的船舶"
"193","前方海面上有四个浮标远处是城市还有码头","前方海面上有四个浮标远处是码头和城市海岸线","前方海面上漂浮着四个浮标远处是城市海岸线和码头","前方海面上漂浮着四个浮标远处是码头和城市海岸线","前方海面漂浮着四个浮标远处是城市和码头"
"1051","前方有多条船舶停靠在码头","前方码头有多条船舶停靠","前方码头有多条船舶停靠在岸边","有多条船舶停靠在码头的岸边","前方的码头有多艘船舶停靠"
"36","前方海面上有两个浮标远处是城市","前方海面上漂浮着两个浮标远处是城市海岸线","前方海面上漂浮着两个浮标在远处是城市海岸线","前方海面上漂浮着两个浮标","前方海面上有两个浮标城市在远处"
"1067","前方有码头和航行的船舶","前方有航行的船舶和码头","前方有船舶和码头","前方远处有船舶在航行","前方有船舶在远处航行"
"204","前方海面上有三个浮标远处是城市还有码头","前方海面上有三个浮标远处是码头和城市海岸线","前方海面上漂浮着三个浮标远处是城市海岸线和码头","前方海面上漂浮着三个浮标远处是码头和城市海岸线","前方海面漂浮着三个浮标远处是城市和码头"
"1181","前方海面有多艘船舶，","前方海面有两艘船舶在航行","前方有两艘在航行的船舶","前方有船舶在航行","前方海面有两艘在航行的船舶"
"1289","前方海面很宽阔远处是岛屿，","前方海面很宽阔远处有岛屿","前方很宽阔远处是岛屿","前方有宽阔的海面很远处是岛屿","前方有宽阔的海面很远处有岛屿"
"1281","前方海面很宽阔远处是岛屿，","前方海面很宽阔远处有岛屿","前方很宽阔远处是岛屿","前方有宽阔的海面很远处是岛屿","前方有宽阔的海面很远处有岛屿"
"1364","前方海面有两个浮标远处是城市，","前方海面有两浮标远处有城市","前方海面有浮标远处是城市","前方海面有多个浮标远处是城市","前方海面有浮标远处有城市"
"96","前方海域有码头和城市","前方海域有城市和码头","前方海域到达城市和码头","前方海域有高楼林立的城市和码头","前方有高楼林立城市的和码头"
"1090","前方海面有多艘船舶和多个浮标，","前方海面有船舶和浮标","前方有多艘船舶和多个浮标","前方有船舶和浮标","前方海面有多艘在航行的船舶和多个浮标"
"274","前方海域有码头和城市","前方海域有城市和码头","前方海域到达城市和码头","前方海域有高楼林立的城市和码头","前方有高楼林立城市的和码头"
"1101","前方海面有多艘船舶和多个浮标，","前方海面有船舶和浮标","前方有多艘船舶和多个浮标","前方有船舶和浮标","前方海面有多艘在航行的船舶和多个浮标"
"1217","前方海面有两艘船舶，","前方海面有两艘船舶在航行","前方有两艘在航行的船舶","前方有船舶","前方海面有两艘在航行的船舶"
"656","前方海面有一艘船舶，","前方海面有一个船舶","前方有一艘船舶在航行","前方在航行的船舶有一艘","前方有船舶在航行"
"1080","前方有码头和航行的船舶","前方有航行的船舶和码头","前方有船舶和码头","前方远处有船舶在航行","前方有船舶在远处航行"
"1306","前方海面很宽阔远处是岛屿，","前方海面很宽阔远处有岛屿","前方很宽阔远处是岛屿","前方有宽阔的海面很远处是岛屿","前方有宽阔的海面很远处有岛屿"
"240","前方海域有码头和城市","前方海域有城市和码头","前方海域到达城市和码头","前方海域有高楼林立的城市和码头","前方有高楼林立城市的和码头"
"426","前方到达码头","前方左侧是码头右侧的海面有一艘船在航行","前方右侧的海面有一艘船在航行左侧是码头","前方是码头远处是城市桥梁","码头在左侧"
"593","前方有多条船舶停靠在码头","前方码头有多条船舶停靠","前方码头有多条船舶停靠在岸边","有多条船舶停靠在码头的岸边","前方的码头有多艘船舶停靠"
"1282","前方海面很宽阔远处是岛屿，","前方海面很宽阔远处有岛屿","前方很宽阔远处是岛屿","前方有宽阔的海面很远处是岛屿","前方有宽阔的海面很远处有岛屿"
"251","前方海面上有一个浮标远处是城市和码头","前方海面上有着一个浮标远处是码头城市海岸线","前方海面上漂浮着一个浮标远处是城市海岸线和码头","前方海面上漂浮着一个浮标远处是码头城市海岸线","前方海面上有一个浮标远处是城市还有码头"
"5","前方海面和远处的岛屿中间有一艘船舶","前方雾蒙蒙的海面和右侧的岛屿之间有一艘船舶在航行","前方雾蒙蒙的海面和岛屿之间有一艘船舶在航行","前方雾蒙蒙的海面和右侧的岛屿之间有一艘船舶在航行","有一艘船舶在前方雾蒙蒙的海面和岛屿之间航行"
"1169","前方海面有多艘船舶和多个浮标，","前方海面有船舶和浮标","前方有多艘船舶和多个浮标","前方有船舶和浮标","前方海面有多艘在航行的船舶和多个浮标"
"1323","前方海面有两个浮标远处是城市，","前方海面有两个浮标远处有城市","前方海面有浮标远处是城市","前方海面有多个浮标远处是城市","前方海面有浮标远处有城市"
"1139","前方海面有三艘船舶远处是城市，","前方海面有三艘船舶在远处是城市","前方海面有在航行的船舶城市","前方有船舶城市在远处","前方海面有多艘在航行的船舶远处是城市"
"1265","前方海面有艘船舶，","前方海面有一艘船舶在航行","前方有艘在航行的船舶","前方有船舶","前方海面有一艘在航行的船舶"
"1073","前方有码头和航行的船舶","前方有航行的船舶和码头","前方有船舶和码头","前方远处有船舶在航行","前方有船舶在远处航行"
"1252","前方海面一望无际，","前方有一望无际的海面","前方空荡的海面一望无际","前方有一望无际的海面","前方海面空荡"
"1210","前方海面有两艘船舶和一个浮标，","前方海面有两艘船舶在航行和一个浮标","前方有两艘在航行的船舶和浮标","前方有船舶和浮标","前方海面有两艘在航行的船舶和一个浮标"
"103","前方海面上有两个浮标远处是城市","前方海面上漂浮着两个浮标远处是城市海岸线","前方海面上漂浮着两个浮标在远处是城市海岸线","前方海面上有两个浮标远处是城市海岸线","前方海面上有两个浮标城市在远处"
"1254","前方海面一望无际，","前方有一望无际的海面","前方空荡的海面一望无际","前方有一望无际的海面","前方海面空荡"
"1100","前方海面有多艘船舶和多个浮标，","前方海面有船舶和浮标","前方有多艘船舶和多个浮标","前方有船舶和浮标","前方海面有多艘在航行的船舶和多个浮标"
"602","前方有多条船舶停靠在码头","前方码头有多条船舶停靠","前方码头有多条船舶停靠在岸边","有多条船舶停靠在码头的岸边","前方的码头有多艘船舶停靠"
"698","前方到达码头","前方是码头","前方到达城市码头","前方是码头远处是城市桥梁","码头在左侧"
"48","前方海面上有两个浮标远处是城市","前方海面上漂浮着两个浮标远处是城市海岸线","前方海面上漂浮着两个浮标在远处是城市海岸线","前方海面上漂浮着两个浮标","前方海面上有两个浮标城市在远处"
"33","前方海面上有两个浮标远处是城市","前方海面上漂浮着两个浮标远处是城市海岸线","前方海面上漂浮着两个浮标在远处是城市海岸线","前方海面上漂浮着两个浮标","前方海面上有两个浮标城市在远处"
"234","前方海面上有一个浮标远处是城市和码头","前方海面上有着一个浮标远处是码头城市海岸线","前方海面上漂浮着一个浮标远处是城市海岸线和码头","前方海面上漂浮着一个浮标远处是码头城市海岸线","前方海面上有一个浮标远处是城市还有码头"
"151","前方海域有码头和城市","前方海域有城市和码头","前方海域到达城市和码头","前方海域有高楼林立的城市和码头","前方有高楼林立城市的和码头"
"28","前方海面有岛屿存在","前方雾蒙蒙的海面上有岛屿存在","前方海面上存在岛屿","前方雾蒙蒙的海面上有岛屿存在","有个岛屿在前方"
"1308","前方海面很宽阔远处是岛屿，","前方海面很宽阔远处有岛屿","前方很宽阔远处是岛屿","前方有宽阔的海面很远处是岛屿","前方有宽阔的海面很远处有岛屿"
"264","前方海面上有一个浮标远处是城市和码头","前方海面上有着一个浮标远处是码头城市海岸线","前方海面上漂浮着一个浮标远处是城市海岸线和码头","前方海面上漂浮着一个浮标远处是码头城市海岸线","前方海面上有一个浮标远处是城市还有码头"
"685","前方到达码头","前方是码头","前方到达城市码头","前方是码头远处是城市桥梁","码头在左侧"
"412","前方到达码头","前方是码头","前方到达城市码头","前方是码头远处是城市桥梁","码头在左侧"
"322","前方到达码头","前方是码头","前方到达城市码头","前方浮标旁是码头","码头在浮标左侧"
"614","前方海面有四艘船舶，","前方海面有四个船舶","前方有四艘船舶在航行","前方在航行的船舶有四艘","前方有多艘船舶"
"1201","前方海面有多艘船舶，","前方海面有两艘船舶在航行","前方有两艘在航行的船舶","前方有船舶在航行","前方海面有两艘在航行的船舶"
"425","前方到达码头","前方左侧是码头右侧的海面有一艘船在航行","前方右侧的海面有一艘船在航行左侧是码头","前方是码头远处是城市桥梁","码头在左侧"
"1119","前方海面有两艘船舶和三个浮标远处是城市，","前方海面有多艘船舶和多个浮标远处是城市","前方海面有多艘船舶和多个浮标","前方有船舶和浮标远处是城市","前方海面有多艘在航行的船舶和多个浮标远处是城市"
"694","前方到达码头","前方是码头","前方到达城市码头","前方是码头远处是城市桥梁","码头在左侧"
"155","前方海域有码头和城市","前方海域有城市和码头","前方海域到达城市和码头","前方海域有高楼林立的城市和码头","前方有高楼林立城市的和码头"
"63","前方海面上有三个浮标远处是城市","前方海面上漂浮着三个浮标远处是城市海岸线","前方海面上漂浮着三个浮标在远处是城市海岸线","前方海面上有三个浮标","前方海面上有三个浮标城市在远处"
"667","前方海面有一艘船舶和一个浮标，","前方海面有一个浮标和一艘船舶","前方有一个浮标和一艘船舶在航行","前方有一个浮标和在航行的一艘船舶","前方有浮标和一艘船舶"
"1174","前方海面有多艘船舶，","前方海面有两艘船舶在航行","前方有两艘在航行的船舶","前方有船舶在航行","前方海面有两艘在航行的船舶"
"145","前方海面上有两个浮标远处是城市和码头","前方海面上漂浮着两个浮标远处是码头城市海岸线","前方海面上漂浮着两个浮标远处是城市海岸线和码头","前方海面上有两个浮标远处是码头城市海岸线","前方海面上有两个浮标远处是城市还有码头"
"1393","前方海面有两个浮标远处是城市，","前方海面有两浮标远处有城市","前方海面有浮标远处是城市","前方海面有多个浮标远处是城市","前方海面有浮标远处有城市"
"1047","前方有多条船舶停靠在码头","前方码头有多条船舶停靠","前方码头有多条船舶停靠在岸边","有多条船舶停靠在码头的岸边","前方的码头有多艘船舶停靠"
"65","前方海面上有三个浮标远处是城市","前方海面上漂浮着三个浮标远处是城市海岸线","前方海面上漂浮着三个浮标在远处是城市海岸线","前方海面上有三个浮标","前方海面上有三个浮标城市在远处"
"15","前方海面和远处的岛屿中间有一艘船舶","前方雾蒙蒙的海面和右侧的岛屿之间有一艘船舶在航行","前方雾蒙蒙的海面和岛屿之间有一艘船舶在右侧航行","前方海面和岛屿之间有一艘船舶在右侧航行","有一艘船舶在前方雾蒙蒙的海面和岛屿之间航行"
"180","前方海面上有三个浮标远处是城市还有码头","前方海面上有着三个浮标远处是码头和城市海岸线","前方海面上漂浮着三个浮标远处是城市海岸线和码头","前方海面上漂浮着三个浮标远处是码头和城市海岸线","前方海面漂浮着三个浮标远处是城市和码头"
"41","前方海域尽头是城市的海岸线","前方海域是城市的海岸线","在前方是城市的海岸线","前方海域尽头是城市","前方到达城市"
"688","前方到达码头","前方是码头","前方到达城市码头","前方是码头远处是城市桥梁","码头在左侧"
"413","前方到达码头","前方是码头","前方到达城市码头","前方是码头远处是城市桥梁","码头在左侧"
"221","前方海面上有两个浮标远处是城市还有码头","前方海面上有两个浮标远处是码头和城市海岸线","前方海面上漂浮着两个浮标远处是城市海岸线和码头","前方海面上漂浮着两个浮标远处是码头和城市海岸线","前方海面漂浮着两个浮标远处是城市和码头"
"1290","前方海面很宽阔远处是岛屿，","前方海面很宽阔远处有岛屿","前方很宽阔远处是岛屿","前方有宽阔的海面很远处是岛屿","前方有宽阔的海面很远处有岛屿"
"250","前方海面上有一个浮标远处是城市和码头","前方海面上有着一个浮标远处是码头城市海岸线","前方海面上漂浮着一个浮标远处是城市海岸线和码头","前方海面上漂浮着一个浮标远处是码头城市海岸线","前方海面上有一个浮标远处是城市还有码头"
"53","前方海面上有两个浮标远处是城市","前方海面上漂浮着两个浮标远处是城市海岸线","前方海面上漂浮着两个浮标在远处是城市海岸线","前方海面上漂浮着两个浮标","前方海面上有两个浮标城市在远处"
"371","前方到达码头","前方是码头","前方到达城市码头","前方是码头远处是城市桥梁","码头在左侧"
"1275","前方海面有艘船舶，","前方海面有一艘船舶在航行","前方有艘在航行的船舶","前方有船舶","前方海面有一艘在航行的船舶"
"1246","前方海面一望无际，","前方有一望无际的海面","前方空荡的海面一望无际","前方有一望无际的海面","前方海面空荡"
"1251","前方海面一望无际，","前方有一望无际的海面","前方空荡的海面一望无际","前方有一望无际的海面","前方海面空荡"
"329","前方到达码头","前方是码头","前方到达城市码头","前方浮标旁是码头","码头在浮标左侧"
"1228","前方海面有艘船舶，","前方海面有一艘船舶在航行","前方有艘在航行的船舶","前方有船舶","前方海面有一艘在航行的船舶"
"285","前方到达码头","前方是码头","前方到达城市码头","前方两个浮标旁是码头","码头在两个浮标左侧"
"1253","前方海面一望无际，","前方有一望无际的海面","前方空荡的海面一望无际","前方有一望无际的海面","前方海面空荡"
"657","前方海面有一艘船舶，","前方海面有一个船舶","前方有一艘船舶在航行","前方在航行的船舶有一艘","前方有船舶在航行"
"651","前方海面有一艘船舶，","前方海面有一个船舶","前方有一艘船舶在航行","前方在航行的船舶有一艘","前方有船舶在航行"
"1413","前方海面有三个浮标远处是城市和码头，","前方海面有三个浮标远处有城市还有码头","前方海面有三浮标远处是城市和码头","前方海面有三个浮标远处是城市还有码头","前方海面有三浮标远处有城市还有码头"
"303","前方到达码头","前方是码头","前方到达城市码头","前方浮标旁是码头","码头在浮标左侧"
"235","前方海面上有一个浮标远处是城市和码头","前方海面上有着一个浮标远处是码头城市海岸线","前方海面上漂浮着一个浮标远处是城市海岸线和码头","前方海面上漂浮着一个浮标远处是码头城市海岸线","前方海面上有一个浮标远处是城市还有码头"
"195","前方海面上有四个浮标远处是城市还有码头","前方海面上有四个浮标远处是码头和城市海岸线","前方海面上漂浮着四个浮标远处是城市海岸线和码头","前方海面上漂浮着四个浮标远处是码头和城市海岸线","前方海面漂浮着四个浮标远处是城市和码头"
"1082","前方有码头和航行的船舶","前方有航行的船舶和码头","前方有船舶和码头","前方远处有船舶在航行","前方有船舶在远处航行"
"1256","前方海面有艘船舶，","前方海面有一艘船舶在航行","前方有艘在航行的船舶","前方有船舶","前方海面有一艘在航行的船舶"
"597","前方有多条船舶停靠在码头","前方码头有多条船舶停靠","前方码头有多条船舶停靠在岸边","有多条船舶停靠在码头的岸边","前方的码头有多艘船舶停靠"
"1229","前方海面有艘船舶，","前方海面有一艘船舶在航行","前方有艘在航行的船舶","前方有船舶","前方海面有一艘在航行的船舶"
"672","前方海面有一艘船舶和一个浮标，","前方海面有一个浮标和一艘船舶","前方有一个浮标和一艘船舶在航行","前方有一个浮标和在航行的一艘船舶","前方有浮标和一艘船舶"
"1298","前方海面很宽阔远处是岛屿，","前方海面很宽阔远处有岛屿","前方很宽阔远处是岛屿","前方有宽阔的海面很远处是岛屿","前方有宽阔的海面很远处有岛屿"
"111","前方海面上有两个浮标远处是城市还有码头","前方海面上有两个浮标远处是码头和城市海岸线","前方海面上漂浮着两个浮标远处是城市海岸线和码头","前方海面上漂浮着两个浮标远处是码头和城市海岸线","前方海面漂浮着两个浮标远处是城市和码头"
"1092","前方海面有多艘船舶和多个浮标，","前方海面有船舶和浮标","前方有多艘船舶和多个浮标","前方有船舶和浮标","前方海面有多艘在航行的船舶和多个浮标"
"423","前方到达码头","前方左侧是码头右侧的海面有一艘船在航行","前方右侧的海面有一艘船在航行左侧是码头","前方是码头远处是城市桥梁","码头在左侧"
"2","前方海面和远处的岛屿中间有一艘船舶","前方雾蒙蒙的海面和右侧的岛屿之间有一艘船舶在航行","前方雾蒙蒙的海面和岛屿之间有一艘船舶在航行","前方雾蒙蒙的海面和右侧的岛屿之间有一艘船舶在航行","有一艘船舶在前方雾蒙蒙的海面和岛屿之间航行"
"1367","前方海面很宽阔远处是城市，","前方海面特别宽阔远处是城市","前方海面很宽阔远处有城市","前方海面特别宽阔远处有城市","前方海面宽阔远处是城市存在"
"1088","前方有码头和航行的船舶","前方有航行的船舶和码头","前方有船舶和码头","前方远处有船舶在航行","前方有船舶在远处航行"
"81","前方海面上有两个浮标远处是城市","前方海面上漂浮着两个浮标远处是城市海岸线","前方海面上漂浮着两个浮标在远处是城市海岸线","前方海面上有两个浮标远处是城市海岸线","前方海面上有两个浮标城市在远处"
"239","前方海域有码头和城市","前方海域有城市和码头","前方海域到达城市和码头","前方海域有高楼林立的城市和码头","前方有高楼林立城市的和码头"
"35","前方海面上有两个浮标远处是城市","前方海面上漂浮着两个浮标远处是城市海岸线","前方海面上漂浮着两个浮标在远处是城市海岸线","前方海面上漂浮着两个浮标","前方海面上有两个浮标城市在远处"
"1302","前方海面很宽阔远处是岛屿，","前方海面很宽阔远处有岛屿","前方很宽阔远处是岛屿","前方有宽阔的海面很远处是岛屿","前方有宽阔的海面很远处有岛屿"
"1035","前方有多条船舶停靠在码头","前方码头有多条船舶停靠","前方码头有多条船舶停靠在岸边","有多条船舶停靠在码头的岸边","前方的码头有多艘船舶停靠"
"623","前方海面有两艘船舶和一个浮标，","前方海面有一个浮标和两艘船舶","前方有一个浮标和两艘船舶在航行","前方有一个浮标和在航行的两艘船舶","前方有浮标和多艘船舶"
"650","前方海面有一艘船舶，","前方海面有一个船舶","前方有一艘船舶在航行","前方在航行的船舶有一艘","前方有船舶在航行"
"400","前方到达码头","前方是码头","前方到达城市码头","前方是码头远处是城市桥梁","码头在左侧"
"92","前方海域有码头和城市","前方海域有城市和码头","前方海域到达城市和码头","前方海域有高楼林立的城市和码头","前方有高楼林立城市的和码头"
"373","前方到达码头","前方是码头","前方到达城市码头","前方是码头远处是城市桥梁","码头在左侧"
"1091","前方海面有多艘船舶和多个浮标，","前方海面有船舶和浮标","前方有多艘船舶和多个浮标","前方有船舶和浮标","前方海面有多艘在航行的船舶和多个浮标"
"379","前方到达码头","前方是码头","前方到达城市码头","前方是码头远处是城市桥梁","码头在左侧"
"1303","前方海面很宽阔远处是岛屿，","前方海面很宽阔远处有岛屿","前方很宽阔远处是岛屿","前方有宽阔的海面很远处是岛屿","前方有宽阔的海面很远处有岛屿"
"275","前方海域有码头和城市","前方海域有城市和码头","前方海域到达城市和码头","前方海域有高楼林立的城市和码头","前方有高楼林立城市的和码头"
"14","前方海面和远处的岛屿中间有一艘船舶","前方雾蒙蒙的海面和右侧的岛屿之间有一艘船舶在航行","前方雾蒙蒙的海面和岛屿之间有一艘船舶在航行","前方雾蒙蒙的海面和右侧的岛屿之间有一艘船舶在航行","有一艘船舶在前方雾蒙蒙的海面和岛屿之间航行"
"349","前方到达码头","前方是码头","前方到达城市码头","前方是码头远处是城市桥梁","码头在左侧"
"1127","前方海面有三艘船舶远处是城市，","前方海面有三艘船舶在远处是城市","前方海面有在航行的船舶城市","前方有船舶城市在远处","前方海面有多艘在航行的船舶远处是城市"
"421","前方到达码头","前方左侧是码头右侧的海面有一艘船在航行","前方右侧的海面有一艘船在航行左侧是码头","前方是码头远处是城市桥梁","码头在左侧"
"307","前方到达码头","前方是码头","前方到达城市码头","前方浮标旁是码头","码头在浮标左侧"
"200","前方海面上有三个浮标远处是城市还有码头","前方海面上有三个浮标远处是码头和城市海岸线","前方海面上漂浮着三个浮标远处是城市海岸线和码头","前方海面上漂浮着三个浮标远处是码头和城市海岸线","前方海面漂浮着三个浮标远处是城市和码头"
"1409","前方海面很宽阔远处是城市和码头，","前方海面特别宽阔远处是城市和码头","前方海面很宽阔远处有城市和码头","前方海面特别宽阔远处有城市和码头","前方海面宽阔远处是城市和码头存在"
"1173","前方海面有多艘船舶，","前方海面有两艘船舶在航行","前方有两艘在航行的船舶","前方有船舶在航行","前方海面有两艘在航行的船舶"
"1345","前方海面很宽阔远处是城市，","前方海面特别宽阔远处是城市","前方海面很宽阔远处有城市","前方海面特别宽阔远处有城市","前方海面宽阔远处是城市存在"
"680","前方到达码头","前方是码头","前方到达城市码头","前方是码头远处是城市桥梁","码头在左侧"
"1397","前方海面有个浮标远处是城市，","前方海面有一浮标远处有城市","前方海面有一个浮标远处是城市","前方海面有一个浮标远处是城市","前方海面有浮标远处有城市"
"700","前方到达码头","前方是码头","前方到达城市码头","前方是码头远处是城市桥梁","码头在左侧"
"1358","前方海面有两个浮标远处是城市，","前方海面有两浮标远处有城市","前方海面有浮标远处是城市","前方海面有多个浮标远处是城市","前方海面有浮标远处有城市"
"277","前方海域有码头和城市","前方海域有城市和码头","前方海域到达城市和码头","前方海域有高楼林立的城市和码头","前方有高楼林立城市的和码头"
"1093","前方海面有多艘船舶和多个浮标，","前方海面有船舶和浮标","前方有多艘船舶和多个浮标","前方有船舶和浮标","前方海面有多艘在航行的船舶和多个浮标"
"1089","前方海面有多艘船舶和多个浮标，","前方海面有船舶和浮标","前方有多艘船舶和多个浮标","前方有船舶和浮标","前方海面有多艘在航行的船舶和多个浮标"
"1213","前方海面有两艘船舶，","前方海面有两艘船舶在航行","前方有两艘在航行的船舶","前方有船舶","前方海面有两艘在航行的船舶"
"223","前方海面上有两个浮标远处是城市还有码头","前方海面上有两个浮标远处是码头和城市海岸线","前方海面上漂浮着两个浮标远处是城市海岸线和码头","前方海面上漂浮着两个浮标远处是码头和城市海岸线","前方海面漂浮着两个浮标远处是城市和码头"
"1309","前方海面很宽阔远处是岛屿，","前方海面很宽阔远处有岛屿","前方很宽阔远处是岛屿","前方有宽阔的海面很远处是岛屿","前方有宽阔的海面很远处有岛屿"
"1226","前方海面有艘船舶，","前方海面有一艘船舶在航行","前方有艘在航行的船舶","前方有船舶","前方海面有一艘在航行的船舶"
"671","前方海面有一艘船舶和一个浮标，","前方海面有一个浮标和一艘船舶","前方有一个浮标和一艘船舶在航行","前方有一个浮标和在航行的一艘船舶","前方有浮标和一艘船舶"
"1208","前方海面有两艘船舶和一个浮标，","前方海面有两艘船舶在航行和一个浮标","前方有两艘在航行的船舶和浮标","前方有船舶和浮标","前方海面有两艘在航行的船舶和一个浮标"
"1037","前方有多条船舶停靠在码头","前方码头有多条船舶停靠","前方码头有多条船舶停靠在岸边","有多条船舶停靠在码头的岸边","前方的码头有多艘船舶停靠"
"59","前方海面上有两个浮标远处是城市","前方海面上漂浮着两个浮标远处是城市海岸线","前方海面上漂浮着两个浮标在远处是城市海岸线","前方海面上漂浮着两个浮标","前方海面上有两个浮标城市在远处"
"670","前方海面有一艘船舶和一个浮标，","前方海面有一个浮标和一艘船舶","前方有一个浮标和一艘船舶在航行","前方有一个浮标和在航行的一艘船舶","前方有浮标和一艘船舶"
"1087","前方有码头和航行的船舶","前方有航行的船舶和码头","前方有船舶和码头","前方远处有船舶在航行","前方有船舶在远处航行"
"1274","前方海面有艘船舶，","前方海面有一艘船舶在航行","前方有艘在航行的船舶","前方有船舶","前方海面有一艘在航行的船舶"
"286","前方到达码头","前方是码头","前方到达城市码头","前方两个浮标旁是码头","码头在两个浮标左侧"
"22","前方海面和远处的岛屿中间有一艘船舶","前方雾蒙蒙的海面和右侧的岛屿之间有一艘船舶在航行","前方雾蒙蒙的海面和岛屿之间有一艘船舶在右侧航行","前方海面和岛屿之间有一艘船舶在右侧航行","有一艘船舶在前方雾蒙蒙的海面和岛屿之间航行"
"347","前方到达码头","前方是码头","前方到达城市码头","前方是码头远处是城市桥梁","码头在左侧"
"655","前方海面有一艘船舶，","前方海面有一个船舶","前方有一艘船舶在航行","前方在航行的船舶有一艘","前方有船舶在航行"
"194","前方海面上有三个浮标远处是城市还有码头","前方海面上有三个浮标远处是码头和城市海岸线","前方海面上漂浮着三个浮标远处是城市海岸线和码头","前方海面上漂浮着三个浮标远处是码头和城市海岸线","前方海面漂浮着三个浮标远处是城市和码头"
"310","前方到达码头","前方是码头","前方到达城市码头","前方浮标旁是码头","码头在浮标左侧"
"225","前方海面上有一个浮标远处是城市和码头","前方海面上有着一个浮标远处是码头城市海岸线","前方海面上漂浮着一个浮标远处是城市海岸线和码头","前方海面上漂浮着一个浮标远处是码头城市海岸线","前方海面上有一个浮标远处是城市还有码头"
"419","前方到达码头","前方左侧是码头右侧的海面有一艘船在航行","前方右侧的海面有一艘船在航行左侧是码头","前方是码头远处是城市桥梁","码头在左侧"
"1332","前方海面很宽阔远处是城市，","前方海面特别宽阔远处是城市","前方海面很宽阔远处有城市","前方海面特别宽阔远处有城市","前方海面宽阔远处是城市存在"
"609","前方海面有三艘船舶和一个浮标，","前方海面有一个浮标和三艘船舶","前方有一个浮标和三艘船舶在航行","前方有一个浮标和在航行的三艘船舶","前方有浮标和多艘船舶"
"687","前方到达码头","前方是码头","前方到达城市码头","前方是码头远处是城市桥梁","码头在左侧"
"377","前方到达码头","前方是码头","前方到达城市码头","前方是码头远处是城市桥梁","码头在左侧"
"1296","前方海面很宽阔远处是岛屿，","前方海面很宽阔远处有岛屿","前方很宽阔远处是岛屿","前方有宽阔的海面很远处是岛屿","前方有宽阔的海面很远处有岛屿"
"342","前方到达码头","前方是码头","前方到达城市码头","前方是码头远处是城市桥梁","码头在左侧"
"1188","前方海面有多艘船舶，","前方海面有两艘船舶在航行","前方有两艘在航行的船舶","前方有船舶在航行","前方海面有两艘在航行的船舶"
"147","前方海面上有两个浮标远处是城市和码头","前方海面上漂浮着两个浮标远处是码头城市海岸线","前方海面上漂浮着两个浮标远处是城市海岸线和码头","前方海面上有两个浮标远处是码头城市海岸线","前方海面上有两个浮标远处是城市还有码头"
"1190","前方海面有多艘船舶，","前方海面有两艘船舶在航行","前方有两艘在航行的船舶","前方有船舶在航行","前方海面有两艘在航行的船舶"
"1398","前方海面有个浮标远处是城市，","前方海面有一浮标远处有城市","前方海面有一个浮标远处是城市","前方海面有一个浮标远处是城市","前方海面有浮标远处有城市"
"105","前方海面上有两个浮标远处是城市","前方海面上漂浮着两个浮标远处是城市海岸线","前方海面上漂浮着两个浮标在远处是城市海岸线","前方海面上有两个浮标远处是城市海岸线","前方海面上有两个浮标城市在远处"
"406","前方到达码头","前方是码头","前方到达城市码头","前方是码头远处是城市桥梁","码头在左侧"
"88","前方海域有码头和城市","前方海域有城市和码头","前方海域到达城市和码头","前方海域有高楼林立的城市和码头","前方有高楼林立城市的和码头"
"654","前方海面有一艘船舶，","前方海面有一个船舶","前方有一艘船舶在航行","前方在航行的船舶有一艘","前方有船舶在航行"
"364","前方到达码头","前方是码头","前方到达城市码头","前方是码头远处是城市桥梁","码头在左侧"
"248","前方海面上有一个浮标远处是城市和码头","前方海面上有着一个浮标远处是码头城市海岸线","前方海面上漂浮着一个浮标远处是城市海岸线和码头","前方海面上漂浮着一个浮标远处是码头城市海岸线","前方海面上有一个浮标远处是城市还有码头"
"662","前方海面有一艘船舶，","前方海面有一个船舶","前方有一艘船舶在航行","前方在航行的船舶有一艘","前方有船舶在航行"
"137","前方海面上有两个浮标和一艘船舶远处是城市还有码头","前方海面上有一艘在行驶的船舶还有漂浮着的两个浮标远处是码头和城市海岸线","前方海面上漂浮着两个浮标和一艘在行驶的船舶远处是城市海岸线和码头","前方海面上漂浮着两个浮标还有一艘船远处是码头和城市海岸线","前方海面漂浮着两个浮标还有一艘船在两个浮标间行驶远处是城市和码头"
"1141","前方海面有多艘船舶和多个浮标，","前方海面有船舶和浮标","前方有多艘船舶和多个浮标","前方有船舶和浮标","前方海面有多艘在航行的船舶和多个浮标"
"21","前方海面和远处的岛屿中间有一艘船舶","前方雾蒙蒙的海面和右侧的岛屿之间有一艘船舶在航行","前方雾蒙蒙的海面和岛屿之间有一艘船舶在右侧航行","前方海面和岛屿之间有一艘船舶在右侧航行","有一艘船舶在前方雾蒙蒙的海面和岛屿之间航行"
"1227","前方海面有艘船舶，","前方海面有一艘船舶在航行","前方有艘在航行的船舶","前方有船舶","前方海面有一艘在航行的船舶"
"72","前方海面上有三个浮标远处是城市","前方海面上漂浮着三个浮标远处是城市海岸线","前方海面上漂浮着三个浮标在远处是城市海岸线","前方海面上有三个浮标","前方海面上有三个浮标城市在远处"
"112","前方海面上有两个浮标远处是城市还有码头","前方海面上有两个浮标远处是码头和城市海岸线","前方海面上漂浮着两个浮标远处是城市海岸线和码头","前方海面上漂浮着两个浮标远处是码头和城市海岸线","前方海面漂浮着两个浮标远处是城市和码头"
"304","前方到达码头","前方是码头","前方到达城市码头","前方浮标旁是码头","码头在浮标左侧"
"1387","前方海面有两个浮标远处是城市，","前方海面有两浮标远处有城市","前方海面有浮标远处是城市","前方海面有多个浮标远处是城市","前方海面有浮标远处有城市"
"631","前方海面有一艘船舶和一个浮标，","前方海面有一个浮标和一艘船舶","前方有一个浮标和一艘船舶在航行","前方有一个浮标和在航行的一艘船舶","前方有浮标和一艘船舶"
"108","前方海面上有两个浮标远处是城市","前方海面上漂浮着两个浮标远处是城市海岸线","前方海面上漂浮着两个浮标在远处是城市海岸线","前方海面上有两个浮标远处是城市海岸线","前方海面上有两个浮标城市在远处"
